FaultName,Name,Distance,Displacement,HorizonName,Uncertainty,ProfilePatterns,Section
Sc_8_F_8,f1,0,0,F-2,Proven,Positive Skewed,Upper
Sc_8_F_8,f1,114,332.1,Zo2,Secured,Positive Skewed,Upper
Sc_8_F_8,f1,259.1,459.5,Zo8,Secured,Positive Skewed,Mid
Sc_8_F_8,f1,925.4,123.5,Gu,Secured,Positive Skewed,Mid
Sc_8_F_8,f1,1048.8,125.4,Ma,Secured,Positive Skewed,Lower
Sc_8_F_8,f1,1207.5,28.4,Hu,Secured,Positive Skewed,Lower
Sc_8_F_8,f1,1227.5,0,Ka,Secured,Positive Skewed,Lower
Sc_8_F_10,f2,0,0,Zo8,Secured,Trapezoid,Upper
Sc_8_F_10,f2,201.1,55,Gu,Secured,Trapezoid,Upper
Sc_8_F_10,f2,351.2,51,Ma,Secured,Trapezoid,Upper
Sc_8_F_10,f2,489.4,52.8,Hu,Secured,Trapezoid,Mid
Sc_8_F_10,f2,634.7,6.3,Ka,Secured,Trapezoid,Lower
Sc_8_F_10,f2,694.8,0.8,Er,Assumed,Trapezoid,Lower
Sc_8_F_10,f2,705,0,Pr,Assumed,Trapezoid,Lower
Sc_8_F_10a,f3,0,0,Gu,Secured,Triangle,Upper
Sc_8_F_10a,f3,11.5,21,Ma,Secured,Triangle,Upper
Sc_8_F_10a,f3,149.7,52.8,Hu,Secured,Triangle,Mid
Sc_8_F_10a,f3,295,6.3,Ka,Secured,Triangle,Lower
Sc_8_F_10a,f3,363.7,0,Er,Secured,Triangle,Lower
Sc_8_F10_F8,f4,0,0,F,Proven,Positive Skewed,Upper
Sc_8_F10_F8,f4,114,332.1,Zo2,Proven,Positive Skewed,Upper
Sc_8_F10_F8,f4,259.1,459.5,Zo8,Proven,Positive Skewed,Mid
Sc_8_F10_F8,f4,925.4,123.5,Gu,Secured,Positive Skewed,Mid
Sc_8_F10_F8,f4,1048.8,176.4,Ma,Proven,Positive Skewed,Lower
Sc_8_F10_F8,f4,1207.5,81.2,Hu,Secured,Positive Skewed,Lower
Sc_8_F10_F8,f4,1215,0,Ka,Secured,Positive Skewed,Lower
Sc_1_F_9,f5,0,0,N,Proven,Trapezoid,Upper
Sc_1_F_9,f5,148.6,94,F,Proven,Trapezoid,Upper
Sc_1_F_9,f5,462.2,107.5,Zo2,Proven,Trapezoid,Upper
Sc_1_F_9,f5,640.4,94.5,Zo8,Proven,Trapezoid,Upper
Sc_1_F_9,f5,1265.2,46.7,Gu,Proven,Trapezoid,Mid
Sc_1_F_9,f5,1438.3,48.4,Ma,Secured,Trapezoid,Mid
Sc_1_F_9,f5,1570.7,26.8,Hu,Secured,Trapezoid,Lower
Sc_1_F_9,f5,1768,49.2,Ka,Assumed,Trapezoid,Lower
Sc_1_F_9,f5,1982.8,75.4,Er,Assumed,Trapezoid,Lower
Sc_1_F_9,f5,2002,0,Pr,Secured,Trapezoid,Lower
Sc_1_F_28,f6,0,0,F-2,Proven,Negative Skewed,Upper
Sc_1_F_28,f6,72.7,28.9,Zo2,Secured,Negative Skewed,Upper
Sc_1_F_28,f6,201.7,23.4,Zo8,Secured,Negative Skewed,Upper
Sc_1_F_28,f6,680.6,17.5,Gu,Secured,Negative Skewed,Upper
Sc_1_F_28,f6,802.1,25.5,Ma,Secured,Negative Skewed,Upper
Sc_1_F_28,f6,887.6,30.4,Hu,Secured,Negative Skewed,Mid
Sc_1_F_28,f6,1059.1,39.2,Ka,Secured,Negative Skewed,Mid
Sc_1_F_28,f6,1200,30,Er,Assumed,Negative Skewed,Lower
Sc_1_F_28,f6,1300,20,Pr,Assumed,Negative Skewed,Lower
Sc_1_F_28,f6,1400,10,Di,Assumed,Negative Skewed,Lower
Sc_1_F_28,f6,1500,0,So,Assumed,Negative Skewed,Lower
Sc_8_F_2,f7,0,0,Hu-1,Secured,Overlap,Upper
Sc_8_F_2,f7,7.2,2.1,Hu,Secured,Overlap,Upper
Sc_8_F_2,f7,157.5,70.8,Ka,Secured,Overlap,Mid
Sc_8_F_2,f7,409.6,6.6,Er,Secured,Overlap,Mid
Sc_8_F_2,f7,617.9,8.2,Pr,Secured,Overlap,Lower
Sc_8_F_2,f7,692.4,39.9,Di,Secured,Overlap,Lower
Sc_8_F_2,f7,792,49.8,So,Secured,Overlap,Lower
Sc_8_F_2,f7,800,0,Pl,Secured,Overlap,Lower
Sc_8_F_3,f8,0,0,Kr-2,Secured,Triangle,Upper
Sc_8_F_3,f8,87.5,128.5,Mg,Secured,Triangle,Mid
Sc_8_F_3,f8,385.1,41.4,Sb,Secured,Triangle,Mid
Sc_8_F_3,f8,390,0,Hf,Assumed,Triangle,Lower
Sc_8_F_4,f9,0,0,Kr-2,Secured,Trapezoid,Upper
Sc_8_F_4,f9,368.1,127.4,Mg,Secured,Trapezoid,Mid
Sc_8_F_4,f9,2038.2,110.7,Sb,Secured,Trapezoid,Mid
Sc_8_F_4,f9,2045,0,Hf,Secured,Trapezoid,Lower
Sc_8_F_5,f10,0,0,Zo8,Proven,Trapezoid,Upper
Sc_8_F_5,f10,29.8,6.8,La,Secured,Trapezoid,Upper
Sc_8_F_5,f10,310.7,13.9,Gu,Secured,Trapezoid,Mid
Sc_8_F_5,f10,315,0,Ma,Assumed,Trapezoid,Lower
Sc_8_F_6,f11,0,0,Zo2,Assumed,Trapezoid,Upper
Sc_8_F_6,f11,25.7,42.4,Zo8,Secured,Trapezoid,Mid
Sc_8_F_6,f11,332.5,39.5,La,Secured,Trapezoid,Lower
Sc_8_F_6,f11,342,0,Gu,Secured,Trapezoid,Lower
Sc_8_F_7,f12,0,0,Zo2,Proven,Overlap,Upper
Sc_8_F_7,f12,238.6,42,Zo8,Proven,Overlap,Upper
Sc_8_F_7,f12,561.8,75.6,La,Secured,Overlap,Mid
Sc_8_F_7,f12,787.1,9.6,Gu,Assumed,Overlap,Lower
Sc_8_F_7,f12,856.1,20.4,Ma,Secured,Overlap,Lower
Sc_8_F_7,f12,945.2,34.8,Hu,Assumed,Overlap,Lower
Sc_8_F_7,f12,960,0,Ka,Assumed,Overlap,Lower
Sc_8_F_8a,f13,0,0,Gu,Proven,Positive Skewed,Upper
Sc_8_F_8a,f13,116,332.1,Zo2,Proven,Positive Skewed,Mid
Sc_8_F_8a,f13,275,462,Zo8,Proven,Positive Skewed,Mid
Sc_8_F_8a,f13,925.4,123.5,Gu,Proven,Positive Skewed,Lower
Sc_8_F_8a,f13,1060,125.4,Ma,Secured,Positive Skewed,Lower
Sc_8_F_8a,f13,1212,40,Hu,Secured,Positive Skewed,Lower
Sc_8_F_8a,f13,1217,0,Ka,Secured,Positive Skewed,Lower
Sc_8_F_9,f14,0,0,F,Proven,Trapezoid,Upper
Sc_8_F_9,f14,447.5,63.4,Zo2,Proven,Trapezoid,Upper
Sc_8_F_9,f14,863.1,62.4,Zo8,Proven,Trapezoid,Mid
Sc_8_F_9,f14,1172.3,42.9,La,Proven,Trapezoid,Lower
Sc_8_F_9,f14,1460,0,Gu,Secured,Trapezoid,Lower
Sc_8_F_10b,f15,0,0,La,Proven,Trapezoid,Upper
Sc_8_F_10b,f15,98,45,Gu,Proven,Trapezoid,Upper
Sc_8_F_10b,f15,278,50,Ma,Proven,Trapezoid,Mid
Sc_8_F_10b,f15,456,54,Hu,Secured,Trapezoid,Mid
Sc_8_F_10b,f15,610,6,Ka,Assumed,Trapezoid,Lower
Sc_8_F_10b,f15,720,0,Er,Assumed,Trapezoid,Lower
Sc_8_F_11,f16,0,0,Ma,Secured,Trapezoid,Upper
Sc_8_F_11,f16,49.9,20.8,Hu,Secured,Trapezoid,Mid
Sc_8_F_11,f16,189.9,17.3,Ka,Assumed,Trapezoid,Mid
Sc_8_F_11,f16,441.4,10.8,Er,Assumed,Trapezoid,Lower
Sc_8_F_11,f16,499.1,0,Pr,Assumed,Trapezoid,Lower
Sc_8_F_12,f17,0,0,Gu,Assumed,Triangle,Upper
Sc_8_F_12,f17,61.4,7.9,Ma,Assumed,Triangle,Mid
Sc_8_F_12,f17,172.2,39.4,Hu,Assumed,Triangle,Mid
Sc_8_F_12,f17,190,0,Ka,Assumed,Triangle,Lower
Sc_8_F_15,f18,0,0,F-2,Assumed,Triangle,Upper
Sc_8_F_15,f18,336.1,53.1,Zo2,Assumed,Triangle,Mid
Sc_8_F_15,f18,547.9,25.7,Zo8,Assumed,Triangle,Lower
Sc_8_F_15,f18,555,0,La,Assumed,Triangle,Lower
Sc_8_F_10c,f19,0,0,Gu,Secured,Triangle,Upper
Sc_8_F_10c,f19,11.5,21,Ma,Secured,Triangle,Upper
Sc_8_F_10c,f19,149.7,52.8,Hu,Assumed,Triangle,Mid
Sc_8_F_10c,f19,295,6.3,Ka,Assumed,Triangle,Lower
Sc_8_F_10c,f19,363.7,0,Er,Assumed,Triangle,Lower
Sc_1_F_9a,f20,120,0,N,Assumed,Positive Skewed,Upper
Sc_1_F_9a,f20,148.6,94,F,Secured,Positive Skewed,Upper
Sc_1_F_9a,f20,462.2,107.5,Zo2,Secured,Positive Skewed,Mid
Sc_1_F_9a,f20,640.4,94.5,Zo8,Secured,Positive Skewed,Mid
Sc_1_F_9a,f20,1265.2,46.7,Gu,Secured,Positive Skewed,Lower
Sc_1_F_9a,f20,1438.3,48.4,Ma,Assumed,Positive Skewed,Lower
Sc_1_F_9a,f20,1570.7,26.8,Hu,Secured,Positive Skewed,Lower
Sc_1_F_9a,f20,1768,12,Ka,Secured,Positive Skewed,Lower
Sc_1_F_9a,f20,1900,0,Er,Secured,Positive Skewed,Lower
Sc_4_F_8,f21,0,0,La,Secured,Overlap,Upper
Sc_4_F_8,f21,87.2,43.5,Gu,Secured,Overlap,Mid
Sc_4_F_8,f21,162,20.1,Ma,Assumed,Overlap,Lower
Sc_4_F_8,f21,277.7,24.8,Hu,Secured,Overlap,Lower
Sc_4_F_8,f21,381.5,0,Ka,Secured,Overlap,Lower
Sc_5_F_8,f22,0,0,La,Proven,Triangle,Upper
Sc_5_F_8,f22,270.7,64.6,Gu,Proven,Triangle,Mid
Sc_5_F_8,f22,515.9,25.8,Ma,Secured,Triangle,Mid
Sc_5_F_8,f22,577.6,12.6,Hu,Secured,Triangle,Lower
Sc_5_F_8,f22,700.7,9.1,Ka,Assumed,Triangle,Lower
Sc_5_F_8,f22,723.3,0,Er,Assumed,Triangle,Lower
Sc_9_F_8,f23,0,0,T,Secured,Negative Skewed,Upper
Sc_9_F_8,f23,55,7.3,T,Secured,Negative Skewed,Upper
Sc_9_F_8,f23,196.8,16.7,Q,Secured,Negative Skewed,Upper
Sc_9_F_8,f23,421.5,89,F,Secured,Negative Skewed,Upper
Sc_9_F_8,f23,519.2,205.5,Zo2,Assumed,Negative Skewed,Upper
Sc_9_F_8,f23,633,193.9,Zo8,Assumed,Negative Skewed,Upper
Sc_9_F_8,f23,985.6,228.6,Gu,Assumed,Negative Skewed,Mid
Sc_9_F_8,f23,1125.3,240.6,Ma,Assumed,Negative Skewed,Mid
Sc_9_F_8,f23,1201.4,325.9,Hu,Assumed,Negative Skewed,Mid
Sc_9_F_8,f23,1598.5,122.1,Ka,Assumed,Negative Skewed,Lower
Sc_9_F_8,f23,1735.6,81.3,Er,Assumed,Negative Skewed,Lower
Sc_9_F_8,f23,1952.1,18.1,Pr,Assumed,Negative Skewed,Lower
Sc_9_F_8,f23,2034.1,0,Di,Assumed,Negative Skewed,Lower
Sc_10_F_8,f24,0,0,N,Secured,Negative Skewed,Upper
Sc_10_F_8,f24,204.4,145.2,F,Secured,Negative Skewed,Upper
Sc_10_F_8,f24,349.6,201.6,Zo2,Secured,Negative Skewed,Upper
Sc_10_F_8,f24,451.7,228.5,Zo8,Secured,Negative Skewed,Upper
Sc_10_F_8,f24,840,184.9,Gu,Assumed,Negative Skewed,Upper
Sc_10_F_8,f24,946.6,212.1,Ma,Assumed,Negative Skewed,Mid
Sc_10_F_8,f24,1036.9,238,Hu,Assumed,Negative Skewed,Mid
Sc_10_F_8,f24,1326.9,239.4,Ka,Assumed,Negative Skewed,Mid
Sc_10_F_8,f24,1515.8,164.2,Er,Assumed,Negative Skewed,Lower
Sc_10_F_8,f24,1806.4,22,Pr,Assumed,Negative Skewed,Lower
Sc_10_F_8,f24,1905.5,0,Di,Assumed,Negative Skewed,Lower
Sc_12_F_8,f25,0,0,T,Proven,Negative Skewed,Upper
Sc_12_F_8,f25,147.9,23.1,T,Proven,Negative Skewed,Upper
Sc_12_F_8,f25,275.9,38,Q,Proven,Negative Skewed,Upper
Sc_12_F_8,f25,498,86.6,F,Proven,Negative Skewed,Upper
Sc_12_F_8,f25,642.3,80.3,Zo2,Secured,Negative Skewed,Upper
Sc_12_F_8,f25,722.6,81.5,Zo8,Secured,Negative Skewed,Upper
Sc_12_F_8,f25,925.4,97.7,Gu,Secured,Negative Skewed,Upper
Sc_12_F_8,f25,986.1,122.3,Ma,Secured,Negative Skewed,Mid
Sc_12_F_8,f25,1052.2,148.1,Hu,Secured,Negative Skewed,Mid
Sc_12_F_8,f25,1170,134.8,Ka,Assumed,Negative Skewed,Lower
Sc_12_F_8,f25,1295.1,97.5,Er,Assumed,Negative Skewed,Lower
Sc_12_F_8,f25,1424.6,0,Pr,Assumed,Negative Skewed,Lower
Sc_11_F_8,f26,0,0,T,Secured,Positive Skewed,Upper
Sc_11_F_8,f26,57.3,330.3,Q,Secured,Positive Skewed,Upper
Sc_11_F_8,f26,376.6,344.3,F,Proven,Positive Skewed,Upper
Sc_11_F_8,f26,449.7,386.9,Zo2,Proven,Positive Skewed,Mid
Sc_11_F_8,f26,900.5,266.1,Zo8,Proven,Positive Skewed,Lower
Sc_11_F_8,f26,1066.3,196,Gu,Secured,Positive Skewed,Lower
Sc_11_F_8,f26,1235.3,78.9,Ma,Secured,Positive Skewed,Lower
Sc_11_F_8,f26,1334.8,57.9,Hu,Secured,Positive Skewed,Lower
Sc_11_F_8,f26,1422.4,35.6,Ka,Secured,Positive Skewed,Lower
Sc_11_F_8,f26,1472.2,0,Er,Secured,Positive Skewed,Lower
Sc_7_F_8,f27,0,0,Q-1,Proven,Trapezoid,Upper
Sc_7_F_8,f27,25.8,4.9,N,Proven,Trapezoid,Upper
Sc_7_F_8,f27,173.7,33.9,F,Proven,Trapezoid,Upper
Sc_7_F_8,f27,350.9,27.6,Zo2,Secured,Trapezoid,Upper
Sc_7_F_8,f27,519.2,29.3,Zo8,Secured,Trapezoid,Mid
Sc_7_F_8,f27,933.4,23.7,Gu,Secured,Trapezoid,Lower
Sc_7_F_8,f27,1046.7,9.4,Ma,Assumed,Trapezoid,Lower
Sc_7_F_8,f27,1105.9,21.5,Hu,Assumed,Trapezoid,Lower
Sc_7_F_8,f27,1203.2,0,Ka,Assumed,Trapezoid,Lower
Sc_6_F_8,f28,0,0,F-2,Proven,Positive Skewed,Upper
Sc_6_F_8,f28,190.1,19.5,Zo2,Proven,Positive Skewed,Upper
Sc_6_F_8,f28,347.4,47.6,Zo8,Proven,Positive Skewed,Upper
Sc_6_F_8,f28,709.7,129.1,Gu,Proven,Positive Skewed,Mid
Sc_6_F_8,f28,862.5,76.6,Ma,Secured,Positive Skewed,Lower
Sc_6_F_8,f28,945,37.5,Hu,Secured,Positive Skewed,Lower
Sc_6_F_8,f28,1203.5,26.9,Ka,Secured,Positive Skewed,Lower
Sc_6_F_8,f28,1329.9,27.3,Er,Assumed,Positive Skewed,Lower
Sc_6_F_8,f28,1485.1,0,Pr,Assumed,Positive Skewed,Lower
Sc_9_F_8a,f29,0,0,F-2,Proven,Positive Skewed,Upper
Sc_9_F_8a,f29,114,332.1,Zo2,Proven,Positive Skewed,Upper
Sc_9_F_8a,f29,259.1,459.5,Zo8,Proven,Positive Skewed,Mid
Sc_9_F_8a,f29,925.4,123.5,Gu,Secured,Positive Skewed,Mid
Sc_9_F_8a,f29,1048.8,125.4,Ma,Secured,Positive Skewed,Lower
Sc_9_F_8a,f29,1207.5,28.4,Hu,Secured,Positive Skewed,Lower
Sc_9_F_8a,f29,1301.3,0,Ka,Secured,Positive Skewed,Lower
Sc_10_F_8a,f30,0,0,N,Secured,Negative Skewed,Upper
Sc_10_F_8a,f30,204.4,145.2,F,Secured,Negative Skewed,Upper
Sc_10_F_8a,f30,349.6,201.6,Zo2,Secured,Negative Skewed,Upper
Sc_10_F_8a,f30,451.7,228.5,Zo8,Secured,Negative Skewed,Upper
Sc_10_F_8a,f30,840,184.9,Gu,Assumed,Negative Skewed,Upper
Sc_10_F_8a,f30,946.6,212.1,Ma,Assumed,Negative Skewed,Upper
Sc_10_F_8a,f30,1036.9,238,Hu,Assumed,Negative Skewed,Mid
Sc_10_F_8a,f30,1326.9,239.4,Ka,Assumed,Negative Skewed,Mid
Sc_10_F_8a,f30,1515.8,164.2,Er,Assumed,Negative Skewed,Lower
Sc_10_F_8a,f30,1806.4,22,Pr,Assumed,Negative Skewed,Lower
Sc_10_F_8a,f30,1905.5,0,Di,Assumed,Negative Skewed,Lower
Sc_12_F_8c,f31,0,0,T,Proven,Negative Skewed,Upper
Sc_12_F_8c,f31,147.9,10,T,Proven,Negative Skewed,Upper
Sc_12_F_8c,f31,275.9,27,Q,Proven,Negative Skewed,Upper
Sc_12_F_8c,f31,498,76,F,Proven,Negative Skewed,Upper
Sc_12_F_8c,f31,642.3,70,Zo2,Secured,Negative Skewed,Upper
Sc_12_F_8c,f31,722.6,71,Zo8,Secured,Negative Skewed,Upper
Sc_12_F_8c,f31,925.4,87,Gu,Secured,Negative Skewed,Upper
Sc_12_F_8c,f31,986.1,112,Ma,Secured,Negative Skewed,Mid
Sc_12_F_8c,f31,1052.2,138,Hu,Secured,Negative Skewed,Mid
Sc_12_F_8c,f31,1170,124,Ka,Assumed,Negative Skewed,Lower
Sc_12_F_8c,f31,1295.1,85,Er,Assumed,Negative Skewed,Lower
Sc_12_F_8c,f31,1424.6,0,Pr,Assumed,Negative Skewed,Lower
Sc_8_F_8d,f32,0,0,F-2,Secured,Positive Skewed,Upper
Sc_8_F_8d,f32,114,320,Zo2,Proven,Positive Skewed,Mid
Sc_8_F_8d,f32,259.1,420,Zo8,Secured,Positive Skewed,Mid
Sc_8_F_8d,f32,925.4,120,Gu,Secured,Positive Skewed,Lower
Sc_8_F_8d,f32,1048.8,75,Ma,Secured,Positive Skewed,Lower
Sc_8_F_8d,f32,1207.5,35,Hu,Secured,Positive Skewed,Lower
Sc_8_F_8d,f32,1301.3,0,Ka,Secured,Positive Skewed,Lower
Sc_7_F_10,f33,0,0,F-2,Secured,Trapezoid,Upper
Sc_7_F_10,f33,119.2,108,Zo2,Secured,Trapezoid,Upper
Sc_7_F_10,f33,296.8,113.6,Zo8,Secured,Trapezoid,Upper
Sc_7_F_10,f33,899.8,106.2,Gu,Assumed,Trapezoid,Upper
Sc_7_F_10,f33,1067.5,94.2,Ma,Assumed,Trapezoid,Lower
Sc_7_F_10,f33,1163.8,110.2,Hu,Assumed,Trapezoid,Mid
Sc_7_F_10,f33,1326.5,43.7,Ka,Assumed,Trapezoid,Lower
Sc_7_F_10,f33,1441.9,70.7,Er,Assumed,Trapezoid,Lower
Sc_7_F_10,f33,1591,36.1,Pr,Assumed,Trapezoid,Lower
Sc_7_F_10,f33,1706.6,22.6,Di,Assumed,Trapezoid,Lower
Sc_7_F_10,f33,1790.7,0,So,Assumed,Trapezoid,Lower
Sc_7_F_14,f34,0,0,Zo8,Secured,Triangle,Upper
Sc_7_F_14,f34,24.3,30.2,Gu,Secured,Triangle,Mid
Sc_7_F_14,f34,151.3,9.4,Ma,Secured,Triangle,Mid
Sc_7_F_14,f34,226.9,7.7,Hu,Secured,Triangle,Lower
Sc_7_F_14,f34,368.2,12,Ka,Secured,Triangle,Lower
Sc_7_F_14,f34,435.7,0,Er,Secured,Triangle,Lower
Sc_7_F_16,f35,0,0,F-2,Proven,Overlap,Upper
Sc_7_F_16,f35,192.6,46.1,Zo2,Proven,Overlap,Upper
Sc_7_F_16,f35,434.5,50.1,Zo8,Proven,Overlap,Upper
Sc_7_F_16,f35,759.9,8.3,Gu,Secured,Overlap,Upper
Sc_7_F_16,f35,891.6,14.9,Ma,Proven,Overlap,Mid
Sc_7_F_16,f35,996.9,20.1,Hu,Secured,Overlap,Lower
Sc_7_F_16,f35,1336.2,11.1,Ka,Proven,Overlap,Lower
Sc_7_F_16,f35,1472.2,15.9,Er,Proven,Overlap,Lower
Sc_7_F_16,f35,1605.4,0,Pr,Proven,Overlap,Lower
Sc_7_F_7,f36,0,0,F-2,Proven,Overlap,Upper
Sc_7_F_7,f36,56.7,20.3,Zo2,Proven,Overlap,Upper
Sc_7_F_7,f36,239.3,59.9,Zo8,Secured,Overlap,Upper
Sc_7_F_7,f36,445.6,43.6,Gu,Proven,Overlap,Mid
Sc_7_F_7,f36,557,24.3,Ma,Proven,Overlap,Mid
Sc_7_F_7,f36,664.6,17.9,Hu,Secured,Overlap,Lower
Sc_7_F_7,f36,774.3,64.5,Ka,Secured,Overlap,Lower
Sc_7_F_7,f36,1080.5,25.4,Er,Assumed,Overlap,Lower
Sc_7_F_7,f36,1274.2,40.6,Pr,Assumed,Overlap,Lower
Sc_7_F_7,f36,1372,0,Di,Assumed,Overlap,Lower
Sc_6_F_10,f37,0,0,F-2,Secured,Triangle,Upper
Sc_6_F_10,f37,360.5,37.3,Zo2,Secured,Triangle,Mid
Sc_6_F_10,f37,598.9,30.3,Zo8,Secured,Triangle,Mid
Sc_6_F_10,f37,1061.4,12.4,Gu,Secured,Triangle,Lower
Sc_6_F_10,f37,1221,9.2,Ma,Secured,Triangle,Lower
Sc_6_F_10,f37,1299.5,0,Hu,Secured,Triangle,Lower
Sc_6_F_23,f38,0,0,Zo2,Proven,Triangle,Upper
Sc_6_F_23,f38,51,250.1,Zo8,Proven,Triangle,Mid
Sc_6_F_23,f38,612.7,135.9,La,Proven,Triangle,Mid
Sc_6_F_23,f38,926.2,90.4,Gu,Proven,Triangle,Lower
Sc_6_F_23,f38,1120,43.9,Ma,Secured,Triangle,Lower
Sc_6_F_23,f38,1200.5,108.5,Hu,Assumed,Triangle,Lower
Sc_6_F_23,f38,1581.3,0,Ka,Assumed,Triangle,Lower
Sc_12_F_3,f39,0,0,Hu,Proven,Positive Skewed,Upper
Sc_12_F_3,f39,21.5,109.1,Ka,Proven,Positive Skewed,Upper
Sc_12_F_3,f39,168.9,236.5,Er,Proven,Positive Skewed,Mid
Sc_12_F_3,f39,472.9,290.2,Pr,Secured,Positive Skewed,Mid
Sc_12_F_3,f39,620.3,193.1,Di,Secured,Positive Skewed,Lower
Sc_12_F_3,f39,766,135.8,So,Secured,Positive Skewed,Lower
Sc_12_F_3,f39,1020.3,131.5,Gi5,Assumed,Positive Skewed,Lower
Sc_12_F_3,f39,1223,108.2,Fi,Assumed,Positive Skewed,Lower
Sc_12_F_3,f39,1431.5,0,Ge1,Assumed,Positive Skewed,Lower
Sc_12_F_10,f40,0,0,Ka,Assumed,Trapezoid,Upper
Sc_12_F_10,f40,28.1,11.1,Hu,Assumed,Trapezoid,Upper
Sc_12_F_10,f40,173.9,30,Ka,Proven,Trapezoid,Mid
Sc_12_F_10,f40,247.9,28,Er,Proven,Trapezoid,Lower
Sc_12_F_10,f40,323.7,0,Pr,Proven,Trapezoid,Lower
Sc_12_F_18,f41,0,0,Er,Secured,Triangle,Upper
Sc_12_F_18,f41,55.7,114.5,Pr,Secured,Triangle,Mid
Sc_12_F_18,f41,221.3,67.1,Di,Secured,Triangle,Mid
Sc_12_F_18,f41,385.3,7,So,Secured,Triangle,Lower
Sc_12_F_18,f41,544.8,0,Gi5,Secured,Triangle,Lower
Sc_12_F_23,f42,0,0,Zo2,Proven,Positive Skewed,Upper
Sc_12_F_23,f42,160.6,61,Zo8,Proven,Positive Skewed,Upper
Sc_12_F_23,f42,388.7,146.8,La,Proven,Positive Skewed,Upper
Sc_12_F_23,f42,734.8,218.8,Gu,Proven,Positive Skewed,Mid
Sc_12_F_23,f42,968.3,171.5,Ma,Secured,Positive Skewed,Lower
Sc_12_F_23,f42,1252.4,82.3,Hu,Secured,Positive Skewed,Lower
Sc_12_F_23,f42,1843.2,37.9,Ka,Secured,Positive Skewed,Lower
Sc_12_F_23,f42,1997.2,0,Er,Secured,Positive Skewed,Lower
Sc_12_F_6,f43,0,0,La,Proven,Trapezoid,Upper
Sc_12_F_6,f43,37.5,10.4,Gu,Proven,Trapezoid,Upper
Sc_12_F_6,f43,170.6,12.9,Ma,Secured,Trapezoid,Upper
Sc_12_F_6,f43,293.3,13.6,Hu,Secured,Trapezoid,Mid
Sc_12_F_6,f43,360.2,14.7,Ka,Assumed,Trapezoid,Mid
Sc_12_F_6,f43,418.2,13.8,Er,Assumed,Trapezoid,Mid
Sc_12_F_6,f43,467.7,0,Pr,Assumed,Trapezoid,Lower
Sc_12_F_7,f44,0,0,La,Proven,Trapezoid,Upper
Sc_12_F_7,f44,41.2,5,Gu,Proven,Trapezoid,Upper
Sc_12_F_7,f44,228.4,26.8,Ma,Secured,Trapezoid,Upper
Sc_12_F_7,f44,304.1,63.5,Hu,Secured,Trapezoid,Mid
Sc_12_F_7,f44,441.3,59.2,Ka,Assumed,Trapezoid,Mid
Sc_12_F_7,f44,537.9,11.8,Er,Assumed,Trapezoid,Lower
Sc_12_F_7,f44,561,0,Pr,Assumed,Trapezoid,Lower
Sc_4_F_23,f45,0,0,La,Proven,Triangle,Upper
Sc_4_F_23,f45,153.2,179.4,Gu,Proven,Triangle,Mid
Sc_4_F_23,f45,475.9,80.3,Ma,Secured,Triangle,Mid
Sc_4_F_23,f45,663.4,161.3,Hu,Secured,Triangle,Mid
Sc_4_F_23,f45,1178.5,18.8,Ka,Proven,Triangle,Lower
Sc_4_F_23,f45,1273.5,0,Er,Proven,Triangle,Lower
Sc_1_F_1,f46,0,0,Gi5,Assumed,Bell,Upper
Sc_1_F_1,f46,1147.3,675.9,Fi,Assumed,Bell,Mid
Sc_1_F_1,f46,1522,627.1,Kr-2,Secured,Bell,Mid
Sc_1_F_1,f46,1589.3,612.8,Mg,Secured,Bell,Mid
Sc_1_F_1,f46,2756.2,0,Sb,Secured,Bell,Lower
Sc_2_F_1,f47,0,0,Gi5,Secured,Bell,Upper
Sc_2_F_1,f47,945,520.9,Fi,Secured,Bell,Upper
Sc_2_F_1,f47,1131.6,673,Ge1,Assumed,Bell,Mid
Sc_2_F_1,f47,1280.9,603,Mg,Assumed,Bell,Mid
Sc_2_F_1,f47,2030.5,430,Sb,Secured,Bell,Lower
Sc_2_F_1,f47,3525.5,0,Hf,Secured,Bell,Lower
Sc_3_F_1,f48,0,0,Gi5,Secured,Bell,Upper
Sc_3_F_1,f48,931,934.4,Fi,Secured,Bell,Mid
Sc_3_F_1,f48,1185,808.6,Ge1,Proven,Bell,Mid
Sc_3_F_1,f48,1361.4,812,Mg,Secured,Bell,Mid
Sc_3_F_1,f48,1830.3,674,Sb,Assumed,Bell,Lower
Sc_3_F_1,f48,2536,0,Hf,Assumed,Bell,Lower
Sc_4_F_1,f49,0,0,Zo8,Secured,Bell,Upper
Sc_4_F_1,f49,117,114,La,Secured,Bell,Upper
Sc_4_F_1,f49,273.8,110.8,Gu,Secured,Bell,Upper
Sc_4_F_1,f49,338.8,270,Ma,Secured,Bell,Upper
Sc_4_F_1,f49,384.5,376,Hu,Secured,Bell,Upper
Sc_4_F_1,f49,663.4,464.6,Ka,Secured,Bell,Upper
Sc_4_F_1,f49,734.3,562,Er,Secured,Bell,Upper
Sc_4_F_1,f49,1127.7,508.9,Pr,Secured,Bell,Upper
Sc_4_F_1,f49,1198.8,574.6,Di,Secured,Bell,Upper
Sc_4_F_1,f49,1308.5,632.8,So,Secured,Bell,Upper
Sc_4_F_1,f49,1773.5,985.4,Gi5,Secured,Bell,Mid
Sc_4_F_1,f49,2210.6,842,Fi,Secured,Bell,Mid
Sc_4_F_1,f49,2711.3,911.9,Mg,Secured,Bell,Mid
Sc_4_F_1,f49,3236.4,670,Sb,Assumed,Bell,Lower
Sc_4_F_1,f49,4012.4,237.8,Hf,Assumed,Bell,Lower
Sc_4_F_1,f49,4269.9,214.6,Wb,Assumed,Bell,Lower
Sc_4_F_1,f49,5192.1,0,Gs,Assumed,Bell,Lower
Sc_4_F_22,f50,0,0,Gu,Secured,Trapezoid,Upper
Sc_4_F_22,f50,48.7,24.5,Ma,Secured,Trapezoid,Upper
Sc_4_F_22,f50,163.7,52.4,Hu,Secured,Trapezoid,Mid
Sc_4_F_22,f50,251.2,57,Ka,Proven,Trapezoid,Mid
Sc_4_F_22,f50,337.6,0,Er,Proven,Trapezoid,Lower
Sc_5_F_22a,f51,0,0,La,Secured,Overlap,Upper
Sc_5_F_22a,f51,84.9,44.7,Gu,Secured,Overlap,Mid
Sc_5_F_22a,f51,410.7,5,Ma,Secured,Overlap,Mid
Sc_5_F_22a,f51,640.4,43.2,Hu,Secured,Overlap,Mid
Sc_5_F_22a,f51,720.7,0,Ka,Secured,Overlap,Lower
Sc_5_F_22b,f52,0,0,Hu,Secured,Triangle,Upper
Sc_5_F_22b,f52,59.3,12.2,Ka,Secured,Triangle,Upper
Sc_5_F_22b,f52,119,66.6,Er,Secured,Triangle,Mid
Sc_5_F_22b,f52,720.3,0,Pr,Secured,Triangle,Lower
Sc_5_F_1,f53,0,0,Zo8,Assumed,Negative Skewed,Upper
Sc_5_F_1,f53,87,99.2,La,Assumed,Negative Skewed,Upper
Sc_5_F_1,f53,180.5,117.5,Gu,Secured,Negative Skewed,Upper
Sc_5_F_1,f53,334.5,210.9,Ma,Secured,Negative Skewed,Upper
Sc_5_F_1,f53,445,164.6,Hu,Secured,Negative Skewed,Upper
Sc_5_F_1,f53,557.8,416.2,Ka,Secured,Negative Skewed,Upper
Sc_5_F_1,f53,700.2,374.2,Er,Assumed,Negative Skewed,Upper
Sc_5_F_1,f53,997.9,530.4,Pr,Assumed,Negative Skewed,Mid
Sc_5_F_1,f53,1086.9,527.5,Di,Assumed,Negative Skewed,Mid
Sc_5_F_1,f53,1280,438.9,So,Assumed,Negative Skewed,Mid
Sc_5_F_1,f53,1779,269.8,Gi5,Assumed,Negative Skewed,Lower
Sc_5_F_1,f53,2138,392.1,Fi,Assumed,Negative Skewed,Lower
Sc_5_F_1,f53,2589.2,728.1,Mg,Assumed,Negative Skewed,Lower
Sc_5_F_1,f53,3032.6,523.8,Sb,Assumed,Negative Skewed,Lower
Sc_5_F_1,f53,3928.6,0,Hf,Assumed,Negative Skewed,Lower
Sc_6_F_1,f54,0,0,La,Assumed,Semi-Circle,Upper
Sc_6_F_1,f54,52.8,4.8,Gu,Assumed,Semi-Circle,Upper
Sc_6_F_1,f54,188.9,111.9,Ma,Assumed,Semi-Circle,Upper
Sc_6_F_1,f54,405.6,260.1,Hu,Assumed,Semi-Circle,Upper
Sc_6_F_1,f54,548.3,291,Ka,Assumed,Semi-Circle,Upper
Sc_6_F_1,f54,675.7,276.2,Er,Assumed,Semi-Circle,Upper
Sc_6_F_1,f54,861.4,632.6,Pr,Assumed,Semi-Circle,Upper
Sc_6_F_1,f54,951.8,657.4,Di,Assumed,Semi-Circle,Mid
Sc_6_F_1,f54,1243.2,490.1,So,Assumed,Semi-Circle,Lower
Sc_6_F_1,f54,1855.4,359.9,Gi5,Assumed,Semi-Circle,Lower
Sc_6_F_1,f54,2233.9,514.4,Fi,Secured,Semi-Circle,Lower
Sc_6_F_1,f54,2856.3,627.3,Mg,Assumed,Semi-Circle,Lower
Sc_6_F_1,f54,3206.8,555.4,Sb,Assumed,Semi-Circle,Lower
Sc_6_F_1,f54,3672.6,428.3,Hf,Assumed,Semi-Circle,Lower
Sc_6_F_1,f54,3903.4,434.5,Wb,Assumed,Semi-Circle,Lower
Sc_6_F_1,f54,4735.8,0,Gs,Assumed,Semi-Circle,Lower
Sc_7_F_1,f55,0,0,La,Proven,Semi-Circle,Upper
Sc_7_F_1,f55,56,12.6,Gu,Proven,Semi-Circle,Upper
Sc_7_F_1,f55,241.4,29.8,Ma,Assumed,Semi-Circle,Upper
Sc_7_F_1,f55,348.7,35.9,Hu,Assumed,Semi-Circle,Upper
Sc_7_F_1,f55,458.7,393.8,Ka,Assumed,Semi-Circle,Upper
Sc_7_F_1,f55,668.7,385.5,Er,Assumed,Semi-Circle,Upper
Sc_7_F_1,f55,881.1,728.3,Pr,Assumed,Semi-Circle,Mid
Sc_7_F_1,f55,952,754.8,Di,Assumed,Semi-Circle,Mid
Sc_7_F_1,f55,1324.9,512.3,So,Assumed,Semi-Circle,Lower
Sc_7_F_1,f55,1949.4,517.1,Gi5,Assumed,Semi-Circle,Lower
Sc_7_F_1,f55,2356.5,610.1,Fi,Assumed,Semi-Circle,Lower
Sc_7_F_1,f55,2884.7,483.3,Mg,Assumed,Semi-Circle,Lower
Sc_7_F_1,f55,3300.4,573.5,Sb,Assumed,Semi-Circle,Lower
Sc_7_F_1,f55,3677.7,648.2,Hf,Assumed,Semi-Circle,Lower
Sc_7_F_1,f55,3909.9,678.6,Wb,Assumed,Semi-Circle,Lower
Sc_7_F_1,f55,4821.2,0,Gs,Assumed,Semi-Circle,Lower
Sc_8_F_1,f56,0,0,Hu,Secured,Semi-Circle,Upper
Sc_8_F_1,f56,265.7,237.3,Ka,Secured,Semi-Circle,Upper
Sc_8_F_1,f56,462.7,193.1,Er,Secured,Semi-Circle,Upper
Sc_8_F_1,f56,675.1,614.5,Pr,Assumed,Semi-Circle,Upper
Sc_8_F_1,f56,743.1,921.4,Di,Assumed,Semi-Circle,Mid
Sc_8_F_1,f56,1144.7,663.5,So,Assumed,Semi-Circle,Lower
Sc_8_F_1,f56,1873.4,487.7,Gi5,Secured,Semi-Circle,Lower
Sc_8_F_1,f56,2260.9,659.8,Fi,Secured,Semi-Circle,Lower
Sc_8_F_1,f56,2851.4,646.5,Mg,Secured,Semi-Circle,Lower
Sc_8_F_1,f56,3292.3,551.3,Sb,Assumed,Semi-Circle,Lower
Sc_8_F_1,f56,3611.6,542.2,Hf,Assumed,Semi-Circle,Lower
Sc_8_F_1,f56,3887.8,589.6,Wb,Assumed,Semi-Circle,Lower
Sc_8_F_1,f56,5030.5,0,Gs,Assumed,Semi-Circle,Lower
Sc_9_F_1,f57,0,0,Hu-1,Assumed,Semi-Circle,Upper
Sc_9_F_1,f57,53.4,15.1,Hu,Assumed,Semi-Circle,Upper
Sc_9_F_1,f57,199,28.8,Ka,Assumed,Semi-Circle,Upper
Sc_9_F_1,f57,297.4,76.4,Er,Assumed,Semi-Circle,Upper
Sc_9_F_1,f57,491.1,304.5,Pr,Assumed,Semi-Circle,Upper
Sc_9_F_1,f57,690.2,399.7,Di,Secured,Semi-Circle,Upper
Sc_9_F_1,f57,1013.5,455,So,Secured,Semi-Circle,Mid
Sc_9_F_1,f57,1614.7,449,Gi5,Secured,Semi-Circle,Mid
Sc_9_F_1,f57,2046.9,437.9,Fi,Secured,Semi-Circle,Mid
Sc_9_F_1,f57,2455.2,306.1,Mg,Secured,Semi-Circle,Lower
Sc_9_F_1,f57,2789.6,370.5,Sb,Secured,Semi-Circle,Lower
Sc_9_F_1,f57,3181.3,383.3,Hf,Assumed,Semi-Circle,Lower
Sc_9_F_1,f57,3469,294.6,Wb,Assumed,Semi-Circle,Lower
Sc_9_F_1,f57,4404.8,0,Gs,Assumed,Semi-Circle,Lower
Sc_10_F_1,f58,0,0,Hu,Secured,Negative Skewed,Upper
Sc_10_F_1,f58,183,41.1,Ka,Secured,Negative Skewed,Upper
Sc_10_F_1,f58,393.3,60.1,Er,Assumed,Negative Skewed,Upper
Sc_10_F_1,f58,637.7,83.9,Pr,Assumed,Negative Skewed,Upper
Sc_10_F_1,f58,793,153.2,Di,Assumed,Negative Skewed,Upper
Sc_10_F_1,f58,1032.7,240.8,So,Assumed,Negative Skewed,Upper
Sc_10_F_1,f58,1759,266.5,Gi5,Assumed,Negative Skewed,Upper
Sc_10_F_1,f58,2043.8,418.5,Fi,Assumed,Negative Skewed,Mid
Sc_10_F_1,f58,2474.2,412,Mg,Assumed,Negative Skewed,Mid
Sc_10_F_1,f58,2959.2,346.9,Sb,Assumed,Negative Skewed,Lower
Sc_10_F_1,f58,3428.4,300.7,Hf,Assumed,Negative Skewed,Lower
Sc_10_F_1,f58,3659,239.7,Wb,Assumed,Negative Skewed,Lower
Sc_10_F_1,f58,4478,0,Gs,Assumed,Negative Skewed,Lower
Sc_11_F_1,f59,0,0,Hu-1,Assumed,Negative Skewed,Upper
Sc_11_F_1,f59,60.1,35,Hu,Assumed,Negative Skewed,Upper
Sc_11_F_1,f59,294.9,70.4,Ka,Assumed,Negative Skewed,Upper
Sc_11_F_1,f59,498,49.7,Er,Assumed,Negative Skewed,Upper
Sc_11_F_1,f59,744.2,105.6,Pr,Assumed,Negative Skewed,Upper
Sc_11_F_1,f59,925.2,190.8,Di,Assumed,Negative Skewed,Upper
Sc_11_F_1,f59,1295.2,204.9,So,Assumed,Negative Skewed,Upper
Sc_11_F_1,f59,1936,235.8,Gi5,Assumed,Negative Skewed,Mid
Sc_11_F_1,f59,2319.6,151.6,Fi,Assumed,Negative Skewed,Lower
Sc_11_F_1,f59,2572.9,231.4,Mg,Assumed,Negative Skewed,Lower
Sc_11_F_1,f59,3027.6,248.1,Sb,Assumed,Negative Skewed,Lower
Sc_11_F_1,f59,3551.6,179.2,Hf,Assumed,Negative Skewed,Lower
Sc_11_F_1,f59,3869.7,126.7,Wb,Assumed,Negative Skewed,Lower
Sc_11_F_1,f59,4411.7,0,Gs,Assumed,Negative Skewed,Lower
Sc_12_F_1,f60,0,0,La,Secured,Negative Skewed,Upper
Sc_12_F_1,f60,33,10.5,Gu,Secured,Negative Skewed,Upper
Sc_12_F_1,f60,155.7,16.4,Ma,Secured,Negative Skewed,Upper
Sc_12_F_1,f60,271.6,25.3,Hu,Secured,Negative Skewed,Upper
Sc_12_F_1,f60,456.8,27.2,Ka,Assumed,Negative Skewed,Upper
Sc_12_F_1,f60,598.4,48.5,Er,Assumed,Negative Skewed,Upper
Sc_12_F_1,f60,816.8,52.1,Pr,Assumed,Negative Skewed,Upper
Sc_12_F_1,f60,971.4,102.5,Di,Assumed,Negative Skewed,Upper
Sc_12_F_1,f60,1154.5,62.6,So,Assumed,Negative Skewed,Upper
Sc_12_F_1,f60,1745,179.4,Gi5,Assumed,Negative Skewed,Upper
Sc_12_F_1,f60,2361,305.6,Fi,Assumed,Negative Skewed,Mid
Sc_12_F_1,f60,2512.9,230.9,Mg,Assumed,Negative Skewed,Lower
Sc_12_F_1,f60,2987.3,295.6,Sb,Assumed,Negative Skewed,Lower
Sc_12_F_1,f60,3498.7,279.3,Hf,Assumed,Negative Skewed,Lower
Sc_12_F_1,f60,3757.5,242.1,Wb,Assumed,Negative Skewed,Lower
Sc_12_F_1,f60,4085.1,0,Gs,Assumed,Negative Skewed,Lower
Sc_12_F_3a,f61,0,0,Hu,Proven,Positive Skewed,Upper
Sc_12_F_3a,f61,26.1,112.8,Ka,Proven,Positive Skewed,Upper
Sc_12_F_3a,f61,173.9,241.6,Er,Proven,Positive Skewed,Upper
Sc_12_F_3a,f61,472.4,299.4,Pr,Secured,Positive Skewed,Mid
Sc_12_F_3a,f61,621.9,280,Di,Secured,Positive Skewed,Mid
Sc_12_F_3a,f61,769.7,240,So,Secured,Positive Skewed,Lower
Sc_12_F_3a,f61,1029.7,160,Gi5,Assumed,Positive Skewed,Lower
Sc_12_F_3a,f61,1227.9,83,Fi,Assumed,Positive Skewed,Lower
Sc_12_F_3a,f61,1440.8,0,Mg,Assumed,Positive Skewed,Lower
Sc_12_F_1a,f62,0,0,La,Secured,Negative Skewed,Lower
Sc_12_F_1a,f62,33,10.5,Gu,Secured,Negative Skewed,Upper
Sc_12_F_1a,f62,155.7,16.4,Ma,Secured,Negative Skewed,Upper
Sc_12_F_1a,f62,271.6,25.3,Hu,Secured,Negative Skewed,Upper
Sc_12_F_1a,f62,456.8,27.2,Ka,Assumed,Negative Skewed,Upper
Sc_12_F_1a,f62,598.4,48.5,Er,Assumed,Negative Skewed,Upper
Sc_12_F_1a,f62,816.8,70,Pr,Assumed,Negative Skewed,Upper
Sc_12_F_1a,f62,971.4,102.5,Di,Assumed,Negative Skewed,Upper
Sc_12_F_1a,f62,1154.5,130,So,Assumed,Negative Skewed,Upper
Sc_12_F_1a,f62,1745,200,Gi5,Assumed,Negative Skewed,Upper
Sc_12_F_1a,f62,2361,280,Fi,Assumed,Negative Skewed,Upper
Sc_12_F_1a,f62,2512.9,300,Mg,Assumed,Negative Skewed,Mid
Sc_12_F_1a,f62,2987.3,295.6,Sb,Assumed,Negative Skewed,Mid
Sc_12_F_1a,f62,3498.7,279.3,Hf,Assumed,Negative Skewed,Lower
Sc_12_F_1a,f62,3757.5,242.1,Wb,Assumed,Negative Skewed,Lower
Sc_12_F_1a,f62,4800,0,Gs,Assumed,Negative Skewed,Lower
Sc_12_F_111,f63,0,0,La,Secured,Trapezoid,Upper
Sc_12_F_111,f63,28,10,Gu,Secured,Trapezoid,Upper
Sc_12_F_111,f63,129.5,11.7,Ma,Assumed,Trapezoid,Mid
Sc_12_F_111,f63,275,16.9,Hu,Assumed,Trapezoid,Mid
Sc_12_F_111,f63,285,0,Ka,Assumed,Trapezoid,Lower
Sc_5_F_2,f64,0,0,Hu,Secured,Triangle,Upper
Sc_5_F_2,f64,17.6,118.2,Ka,Secured,Triangle,Mid
Sc_5_F_2,f64,223.8,25.8,Er,Secured,Triangle,Lower
Sc_5_F_2,f64,375.7,16,Pr,Secured,Triangle,Lower
Sc_5_F_2,f64,439.1,35.5,Di,Assumed,Triangle,Lower
Sc_5_F_2,f64,583.3,59,So,Secured,Triangle,Lower
Sc_5_F_2,f64,944.8,18.1,Gi5,Assumed,Triangle,Lower
Sc_5_F_2,f64,1116.3,0,Fi,Secured,Triangle,Lower
Sc_5_F_2a,f65,0,0,Hu,Secured,Negative Skewed,Upper
Sc_5_F_2a,f65,17.6,118.2,Ka,Secured,Negative Skewed,Upper
Sc_5_F_2a,f65,223.8,25.8,Er,Secured,Negative Skewed,Upper
Sc_5_F_2a,f65,375.7,16,Pr,Secured,Negative Skewed,Upper
Sc_5_F_2a,f65,439.1,35.5,Di,Assumed,Negative Skewed,Upper
Sc_5_F_2a,f65,583.3,59,So,Secured,Negative Skewed,Upper
Sc_5_F_2a,f65,944.8,18.1,Gi5,Assumed,Negative Skewed,Upper
Sc_5_F_2a,f65,2138,392.1,Fi,Secured,Negative Skewed,Mid
Sc_5_F_2a,f65,2589.2,728.1,Mg,Assumed,Negative Skewed,Mid
Sc_5_F_2a,f65,3032.6,523.8,Sb,Assumed,Negative Skewed,Lower
Sc_5_F_2a,f65,3928.6,0,Hf,Assumed,Negative Skewed,Lower
Sc_6_F_2,f66,0,0,Hu-1,Assumed,Negative Skewed,Upper
Sc_6_F_2,f66,17.9,9.6,Hu,Assumed,Negative Skewed,Upper
Sc_6_F_2,f66,110.4,16.9,Ka,Assumed,Negative Skewed,Upper
Sc_6_F_2,f66,185.6,21.6,Er,Assumed,Negative Skewed,Upper
Sc_6_F_2,f66,620.3,25,Pr,Assumed,Negative Skewed,Upper
Sc_6_F_2,f66,768.7,72.4,Di,Assumed,Negative Skewed,Mid
Sc_6_F_2,f66,916.8,69.9,So,Assumed,Negative Skewed,Mid
Sc_6_F_2,f66,1234.6,41,Gi5,Assumed,Negative Skewed,Lower
Sc_6_F_2,f66,1442.3,0,Fi,Assumed,Negative Skewed,Lower
Sc_6_F_2a,f67,0,0,Hu-1,Secured,Negative Skewed,Upper
Sc_6_F_2a,f67,17.9,9.6,Hu,Secured,Negative Skewed,Upper
Sc_6_F_2a,f67,110.4,16.9,Ka,Secured,Negative Skewed,Upper
Sc_6_F_2a,f67,185.6,21.6,Er,Assumed,Negative Skewed,Upper
Sc_6_F_2a,f67,620.3,25,Pr,Assumed,Negative Skewed,Upper
Sc_6_F_2a,f67,768.7,72.4,Di,Assumed,Negative Skewed,Upper
Sc_6_F_2a,f67,916.8,69.9,So,Assumed,Negative Skewed,Upper
Sc_6_F_2a,f67,1234.6,41,Gi5,Assumed,Negative Skewed,Upper
Sc_6_F_2a,f67,2233.9,514.4,Fi,Assumed,Negative Skewed,Upper
Sc_6_F_2a,f67,2856.3,627.3,Mg,Assumed,Negative Skewed,Mid
Sc_6_F_2a,f67,3206.8,555.4,Sb,Assumed,Negative Skewed,Lower
Sc_6_F_2a,f67,3672.6,428.3,Hf,Assumed,Negative Skewed,Lower
Sc_6_F_2a,f67,3903.4,434.5,Wb,Assumed,Negative Skewed,Lower
Sc_6_F_2a,f67,4735.8,0,Gs,Assumed,Negative Skewed,Lower
Sc_7_F_2,f68,0,0,Hu-1,Assumed,Triangle,Upper
Sc_7_F_2,f68,49.1,52.1,Hu,Assumed,Triangle,Upper
Sc_7_F_2,f68,175.8,50,Ka,Assumed,Triangle,Upper
Sc_7_F_2,f68,284.7,92.9,Er,Assumed,Triangle,Mid
Sc_7_F_2,f68,613.1,58.3,Pr,Assumed,Triangle,Lower
Sc_7_F_2,f68,778.6,23.5,Di,Assumed,Triangle,Lower
Sc_7_F_2,f68,863.2,21.6,So,Assumed,Triangle,Lower
Sc_7_F_2,f68,1205.3,13.4,Gi5,Assumed,Triangle,Lower
Sc_7_F_2,f68,1239.9,0,Fi,Assumed,Triangle,Lower
Sc_7_F_2a,f69,0,0,Hu-1,Assumed,Negative Skewed,Upper
Sc_7_F_2a,f69,49.1,52.1,Hu,Assumed,Negative Skewed,Upper
Sc_7_F_2a,f69,175.8,50,Ka,Assumed,Negative Skewed,Upper
Sc_7_F_2a,f69,284.7,92.9,Er,Assumed,Negative Skewed,Upper
Sc_7_F_2a,f69,613.1,58.3,Pr,Assumed,Negative Skewed,Upper
Sc_7_F_2a,f69,778.6,23.5,Di,Assumed,Negative Skewed,Upper
Sc_7_F_2a,f69,863.2,21.6,So,Assumed,Negative Skewed,Upper
Sc_7_F_2a,f69,1205.3,13.4,Gi5,Assumed,Negative Skewed,Upper
Sc_7_F_2a,f69,2356.5,610.1,Fi,Assumed,Negative Skewed,Mid
Sc_7_F_2a,f69,2884.7,483.3,Mg,Assumed,Negative Skewed,Lower
Sc_7_F_2a,f69,3300.4,573.5,Sb,Assumed,Negative Skewed,Lower
Sc_7_F_2a,f69,3677.7,648.2,Hf,Assumed,Negative Skewed,Lower
Sc_7_F_2a,f69,3909.9,678.6,Wb,Assumed,Negative Skewed,Lower
Sc_7_F_2a,f69,4821.2,0,Gs,Assumed,Negative Skewed,Lower
Sc_7_F_1a,f70,0,0,La,Proven,Semi-Circle,Upper
Sc_7_F_1a,f70,56,31.6,Gu,Proven,Semi-Circle,Upper
Sc_7_F_1a,f70,241.4,108.3,Ma,Assumed,Semi-Circle,Upper
Sc_7_F_1a,f70,348.7,110.1,Hu,Assumed,Semi-Circle,Upper
Sc_7_F_1a,f70,458.7,443.8,Ka,Assumed,Semi-Circle,Upper
Sc_7_F_1a,f70,668.7,478.4,Er,Assumed,Semi-Circle,Upper
Sc_7_F_1a,f70,881.1,786.6,Pr,Assumed,Semi-Circle,Upper
Sc_7_F_1a,f70,952,778.3,Di,Assumed,Semi-Circle,Upper
Sc_7_F_1a,f70,1324.9,533.9,So,Assumed,Semi-Circle,Upper
Sc_7_F_1a,f70,1949.4,530.5,Gi5,Assumed,Semi-Circle,Upper
Sc_7_F_1a,f70,2356.5,610.1,Fi,Assumed,Semi-Circle,Mid
Sc_7_F_1a,f70,2884.7,483.3,Mg,Assumed,Semi-Circle,Lower
Sc_7_F_1a,f70,3300.4,573.5,Sb,Assumed,Semi-Circle,Lower
Sc_7_F_1a,f70,3677.7,648.2,Hf,Assumed,Semi-Circle,Lower
Sc_7_F_1a,f70,3909.9,678.6,Wb,Assumed,Semi-Circle,Lower
Sc_7_F_1a,f70,4821.2,0,Gs,Assumed,Semi-Circle,Lower
Sc_7_F_55,f71,0,0,La,Assumed,Triangle,Upper
Sc_7_F_55,f71,82.1,19,Gu,Assumed,Triangle,Upper
Sc_7_F_55,f71,177.8,78.5,Ma,Secured,Triangle,Mid
Sc_7_F_55,f71,376.2,22.1,Hu,Secured,Triangle,Lower
Sc_7_F_55,f71,699.6,0,Ka,Secured,Triangle,Lower
Sc_7_F_55a,f72,0,0,La,Assumed,Semi-Circle,Upper
Sc_7_F_55a,f72,82.1,19,Gu,Assumed,Semi-Circle,Upper
Sc_7_F_55a,f72,177.8,78.5,Ma,Secured,Semi-Circle,Upper
Sc_7_F_55a,f72,376.2,22.1,Hu,Secured,Semi-Circle,Upper
Sc_7_F_55a,f72,458.7,393.8,Ka,Secured,Semi-Circle,Upper
Sc_7_F_55a,f72,668.7,385.5,Er,Secured,Semi-Circle,Upper
Sc_7_F_55a,f72,881.1,728.3,Pr,Secured,Semi-Circle,Upper
Sc_7_F_55a,f72,952,754.8,Di,Secured,Semi-Circle,Upper
Sc_7_F_55a,f72,1324.9,512.3,So,Secured,Semi-Circle,Upper
Sc_7_F_55a,f72,1949.4,517.1,Gi5,Secured,Semi-Circle,Upper
Sc_7_F_55a,f72,2356.5,610.1,Fi,Secured,Semi-Circle,Mid
Sc_7_F_55a,f72,2884.7,483.3,Mg,Secured,Semi-Circle,Lower
Sc_7_F_55a,f72,3300.4,573.5,Sb,Secured,Semi-Circle,Lower
Sc_7_F_55a,f72,3677.7,648.2,Hf,Secured,Semi-Circle,Lower
Sc_7_F_55a,f72,3909.9,678.6,Wb,Secured,Semi-Circle,Lower
Sc_7_F_55a,f72,4821.2,0,Gs,Secured,Semi-Circle,Lower
Sc_9_F_2,f73,0,0,Hu,Assumed,Triangle,Upper
Sc_9_F_2,f73,47.9,68.8,Ka,Assumed,Triangle,Upper
Sc_9_F_2,f73,147.6,124.2,Er,Assumed,Triangle,Mid
Sc_9_F_2,f73,359.8,78.4,Pr,Assumed,Triangle,Lower
Sc_9_F_2,f73,415.7,95.3,Di,Assumed,Triangle,Lower
Sc_9_F_2,f73,510.6,74.4,So,Assumed,Triangle,Lower
Sc_9_F_2,f73,958.7,0,Pl,Assumed,Triangle,Lower
Sc_9_F_1a,f74,0,0,Hu,Assumed,Negative Skewed,Upper
Sc_9_F_1a,f74,47.9,68.8,Ka,Assumed,Negative Skewed,Upper
Sc_9_F_1a,f74,147.6,124.2,Er,Assumed,Negative Skewed,Upper
Sc_9_F_1a,f74,359.8,78.4,Pr,Assumed,Negative Skewed,Upper
Sc_9_F_1a,f74,415.7,95.3,Di,Assumed,Negative Skewed,Upper
Sc_9_F_1a,f74,510.6,74.4,So,Secured,Negative Skewed,Upper
Sc_9_F_1a,f74,1614.7,449,Gi5,Secured,Negative Skewed,Upper
Sc_9_F_1a,f74,2046.9,437.9,Fi,Secured,Negative Skewed,Mid
Sc_9_F_1a,f74,2455.2,306.1,Mg,Secured,Negative Skewed,Lower
Sc_9_F_1a,f74,2789.6,370.5,Sb,Secured,Negative Skewed,Lower
Sc_9_F_1a,f74,3181.3,383.3,Hf,Secured,Negative Skewed,Lower
Sc_9_F_1a,f74,3469,294.6,Wb,Assumed,Negative Skewed,Lower
Sc_9_F_1a,f74,4404.8,0,Gs,Assumed,Negative Skewed,Lower
Sc_10_F_2,f75,0,0,Hu,Proven,Positive Skewed,Upper
Sc_10_F_2,f75,118.6,20.5,Ka,Proven,Positive Skewed,Upper
Sc_10_F_2,f75,277.7,266.8,Er,Proven,Positive Skewed,Upper
Sc_10_F_2,f75,363.8,335.5,Pr,Secured,Positive Skewed,Mid
Sc_10_F_2,f75,576.8,196.8,Di,Secured,Positive Skewed,Lower
Sc_10_F_2,f75,699.5,237.6,So,Secured,Positive Skewed,Lower
Sc_10_F_2,f75,1204.9,207.3,Gi5,Secured,Positive Skewed,Lower
Sc_10_F_2,f75,1503,0,Fi,Secured,Positive Skewed,Lower
Sc_10_F_1,f76,0,0,Hu,Secured,Negative Skewed,Upper
Sc_10_F_1,f76,183,41.1,Ka,Secured,Negative Skewed,Upper
Sc_10_F_1,f76,393.3,60.1,Er,Assumed,Negative Skewed,Upper
Sc_10_F_1,f76,637.7,83.9,Pr,Assumed,Negative Skewed,Upper
Sc_10_F_1,f76,793,153.2,Di,Assumed,Negative Skewed,Upper
Sc_10_F_1,f76,1032.7,240.8,So,Assumed,Negative Skewed,Upper
Sc_10_F_1,f76,1759,266.5,Gi5,Assumed,Negative Skewed,Upper
Sc_10_F_1,f76,2043.8,418.5,Fi,Assumed,Negative Skewed,Mid
Sc_10_F_1,f76,2474.2,412,Mg,Assumed,Negative Skewed,Mid
Sc_10_F_1,f76,2959.2,346.9,Sb,Assumed,Negative Skewed,Lower
Sc_10_F_1,f76,3428.4,300.7,Hf,Assumed,Negative Skewed,Lower
Sc_10_F_1,f76,3659,239.7,Wb,Assumed,Negative Skewed,Lower
Sc_10_F_1,f76,4478,0,Gs,Assumed,Negative Skewed,Lower
Sc_10_F_1a,f77,0,0,Hu,Secured,Negative Skewed,Upper
Sc_10_F_1a,f77,118.6,20.5,Ka,Secured,Negative Skewed,Upper
Sc_10_F_1a,f77,277.7,266.8,Er,Assumed,Negative Skewed,Upper
Sc_10_F_1a,f77,363.8,335.5,Pr,Assumed,Negative Skewed,Upper
Sc_10_F_1a,f77,576.8,196.8,Di,Assumed,Negative Skewed,Upper
Sc_10_F_1a,f77,699.5,237.6,So,Assumed,Negative Skewed,Upper
Sc_10_F_1a,f77,1204.9,307.6,Gi5,Assumed,Negative Skewed,Upper
Sc_10_F_1a,f77,2043.8,418.5,Fi,Assumed,Negative Skewed,Mid
Sc_10_F_1a,f77,2474.2,412,Mg,Assumed,Negative Skewed,Mid
Sc_10_F_1a,f77,2959.2,346.9,Sb,Assumed,Negative Skewed,Lower
Sc_10_F_1a,f77,3428.4,300.7,Hf,Assumed,Negative Skewed,Lower
Sc_10_F_1a,f77,3659,239.7,Wb,Assumed,Negative Skewed,Lower
Sc_10_F_1a,f77,4478,0,Gs,Assumed,Negative Skewed,Lower
Sc_11_F_2,f78,0,0,Er,Assumed,Overlap,Upper
Sc_11_F_2,f78,144.4,58.9,Pr,Assumed,Overlap,Mid
Sc_11_F_2,f78,213.7,41.7,Di,Assumed,Overlap,Lower
Sc_11_F_2,f78,309,52.7,So,Assumed,Overlap,Lower
Sc_11_F_2,f78,629.9,0,Pl,Assumed,Overlap,Lower
Sc_11_F_1,f79,0,0,Hu-1,Secured,Negative Skewed,Upper
Sc_11_F_1,f79,60.1,35,Hu,Secured,Negative Skewed,Upper
Sc_11_F_1,f79,294.9,70.4,Ka,Secured,Negative Skewed,Upper
Sc_11_F_1,f79,498,49.7,Er,Secured,Negative Skewed,Upper
Sc_11_F_1,f79,744.2,105.6,Pr,Secured,Negative Skewed,Upper
Sc_11_F_1,f79,925.2,190.8,Di,Secured,Negative Skewed,Upper
Sc_11_F_1,f79,1295.2,204.9,So,Secured,Negative Skewed,Upper
Sc_11_F_1,f79,1936,235.8,Gi5,Secured,Negative Skewed,Mid
Sc_11_F_1,f79,2319.6,151.6,Fi,Secured,Negative Skewed,Lower
Sc_11_F_1,f79,2572.9,231.4,Mg,Secured,Negative Skewed,Lower
Sc_11_F_1,f79,3027.6,248.1,Sb,Secured,Negative Skewed,Lower
Sc_11_F_1,f79,3551.6,179.2,Hf,Secured,Negative Skewed,Lower
Sc_11_F_1,f79,3869.7,126.7,Wb,Secured,Negative Skewed,Lower
Sc_11_F_1,f79,4411.7,0,Gs,Secured,Negative Skewed,Lower
Sc_11_F_2a,f80,0,0,Er,Secured,Negative Skewed,Upper
Sc_11_F_2a,f80,144.4,58.9,Pr,Secured,Negative Skewed,Upper
Sc_11_F_2a,f80,213.7,41.7,Di,Secured,Negative Skewed,Upper
Sc_11_F_2a,f80,309,52.7,So,Secured,Negative Skewed,Upper
Sc_11_F_2a,f80,1936,235.8,Gi5,Secured,Negative Skewed,Upper
Sc_11_F_2a,f80,2319.6,151.6,Fi,Secured,Negative Skewed,Upper
Sc_11_F_2a,f80,2572.9,231.4,Mg,Secured,Negative Skewed,Mid
Sc_11_F_2a,f80,3027.6,248.1,Sb,Secured,Negative Skewed,Mid
Sc_11_F_2a,f80,3551.6,179.2,Hf,Secured,Negative Skewed,Lower
Sc_11_F_2a,f80,3869.7,126.7,Wb,Secured,Negative Skewed,Lower
Sc_11_F_2a,f80,4411.7,0,Gs,Secured,Negative Skewed,Lower
Sc_12_F_2,f81,0,0,Di,Secured,Trapezoid,Upper
Sc_12_F_2,f81,86.6,77.8,So,Secured,Trapezoid,Upper
Sc_12_F_2,f81,465,85.7,Gi5,Secured,Trapezoid,Mid
Sc_12_F_2,f81,704.5,0,Fi,Secured,Trapezoid,Lower
Sc_12_F_222,f82,0,0,La,Secured,Negative Skewed,Upper
Sc_12_F_222,f82,33,10.5,Gu,Secured,Negative Skewed,Upper
Sc_12_F_222,f82,155.7,16.4,Ma,Secured,Negative Skewed,Upper
Sc_12_F_222,f82,271.6,25.3,Hu,Assumed,Negative Skewed,Upper
Sc_12_F_222,f82,456.8,27.2,Ka,Assumed,Negative Skewed,Upper
Sc_12_F_222,f82,598.4,48.5,Er,Assumed,Negative Skewed,Upper
Sc_12_F_222,f82,816.8,52.1,Pr,Assumed,Negative Skewed,Upper
Sc_12_F_222,f82,971.4,102.5,Di,Assumed,Negative Skewed,Upper
Sc_12_F_222,f82,1154.5,62.6,So,Assumed,Negative Skewed,Upper
Sc_12_F_222,f82,1745,179.4,Gi5,Assumed,Negative Skewed,Upper
Sc_12_F_222,f82,2361,305.6,Fi,Assumed,Negative Skewed,Mid
Sc_12_F_222,f82,2512.9,230.9,Mg,Assumed,Negative Skewed,Lower
Sc_12_F_222,f82,2987.3,295.6,Sb,Assumed,Negative Skewed,Lower
Sc_12_F_222,f82,3498.7,279.3,Hf,Assumed,Negative Skewed,Lower
Sc_12_F_222,f82,3757.5,242.1,Wb,Assumed,Negative Skewed,Lower
Sc_12_F_222,f82,4085.1,0,Gs,Assumed,Negative Skewed,Lower
Sc_12_F_333,f83,0,0,La,Secured,Negative Skewed,Upper
Sc_12_F_333,f83,86.6,17,Gu,Secured,Negative Skewed,Upper
Sc_12_F_333,f83,421,29,Ma,Assumed,Negative Skewed,Upper
Sc_12_F_333,f83,436,30.5,Hu,Assumed,Negative Skewed,Upper
Sc_12_F_333,f83,498,37.2,Ka,Assumed,Negative Skewed,Upper
Sc_12_F_333,f83,598.4,48.5,Er,Assumed,Negative Skewed,Upper
Sc_12_F_333,f83,816.8,52.1,Pr,Assumed,Negative Skewed,Upper
Sc_12_F_333,f83,971.4,58,Di,Assumed,Negative Skewed,Upper
Sc_12_F_333,f83,1154.5,62.6,So,Assumed,Negative Skewed,Upper
Sc_12_F_333,f83,1745,153,Gi5,Assumed,Negative Skewed,Upper
Sc_12_F_333,f83,2361,217,Fi,Assumed,Negative Skewed,Upper
Sc_12_F_333,f83,2512.9,230.9,Mg,Assumed,Negative Skewed,Mid
Sc_12_F_333,f83,2987.3,295.6,Sb,Assumed,Negative Skewed,Mid
Sc_12_F_333,f83,3498.7,279.3,Hf,Assumed,Negative Skewed,Lower
Sc_12_F_333,f83,3757.5,242.1,Wb,Assumed,Negative Skewed,Lower
Sc_12_F_333,f83,4085.1,0,Gs,Assumed,Negative Skewed,Lower
Sc_12_F_2a,f84,0,0,Di,Secured,Trapezoid,Upper
Sc_12_F_2a,f84,86.6,50,So,Secured,Trapezoid,Upper
Sc_12_F_2a,f84,465,85.7,Gi5,Secured,Trapezoid,Mid
Sc_12_F_2a,f84,704.5,0,Fi,Secured,Trapezoid,Lower
Sc_12_F_112,f85,0,0,La,Proven,Trapezoid,Upper
Sc_12_F_112,f85,28,10,Gu,Proven,Trapezoid,Upper
Sc_12_F_112,f85,129.5,11.7,Ma,Secured,Trapezoid,Upper
Sc_12_F_112,f85,275,16.9,Hu,Proven,Trapezoid,Mid
Sc_12_F_112,f85,354.8,0,Ka,Proven,Trapezoid,Lower
Sc_12_F_113,f86,0,0,La,Proven,Trapezoid,Upper
Sc_12_F_113,f86,28,10,Gu,Proven,Trapezoid,Upper
Sc_12_F_113,f86,120,16,Ma,Secured,Trapezoid,Upper
Sc_12_F_113,f86,260,16.9,Hu,Proven,Trapezoid,Mid
Sc_12_F_113,f86,380,0,Ka,Proven,Trapezoid,Lower
Sc_12_F_18,f87,0,0,Er,Secured,Triangle,Upper
Sc_12_F_18,f87,55.7,114.5,Pr,Secured,Triangle,Mid
Sc_12_F_18,f87,219.5,66.7,Di,Secured,Triangle,Lower
Sc_12_F_18,f87,375.9,16.6,So,Secured,Triangle,Lower
Sc_12_F_18,f87,554.6,0,Gi5,Secured,Triangle,Lower
Sc_12_F_18a,f88,0,0,Er,Secured,Triangle,Upper
Sc_12_F_18a,f88,55.7,114.5,Pr,Secured,Triangle,Mid
Sc_12_F_18a,f88,219.5,66.7,Di,Secured,Triangle,Mid
Sc_12_F_18a,f88,375.9,16.6,So,Secured,Triangle,Lower
Sc_12_F_18a,f88,428,0,Gi5,Secured,Triangle,Lower
Sc_12_F_112a,f89,0,0,Gi5,Proven,Trapezoid,Upper
Sc_12_F_112a,f89,106.6,22.3,Er,Proven,Trapezoid,Mid
Sc_12_F_112a,f89,477.1,20.6,Pr,Secured,Trapezoid,Lower
Sc_12_F_112a,f89,626.2,0,Di,Secured,Trapezoid,Lower
Sc_1_F_9,f90,140,0,N,Secured,Triangle,Upper
Sc_1_F_9b,f90,148.6,128,F,Assumed,Triangle,Mid
Sc_1_F_9b,f90,462.2,107.5,Zo2,Assumed,Triangle,Mid
Sc_1_F_9b,f90,640.4,94.5,Zo8,Assumed,Triangle,Lower
Sc_1_F_9b,f90,1265.2,46.7,Gu,Assumed,Triangle,Lower
Sc_1_F_9b,f90,1438.3,36,Ma,Assumed,Triangle,Lower
Sc_1_F_9b,f90,1570.7,26.8,Hu,Assumed,Triangle,Lower
Sc_1_F_9b,f90,1768,16,Ka,Assumed,Triangle,Lower
Sc_1_F_9b,f90,1882,8,Er,Assumed,Triangle,Lower
Sc_1_F_9b,f90,1999,0,Pr,Assumed,Triangle,Lower
Sc_1_F_28,f91,65,0,F-2,Assumed,Trapezoid,Upper
Sc_1_F_28,f91,72.7,34.6,Zo2,Assumed,Trapezoid,Upper
Sc_1_F_28,f91,201.7,23.4,Zo8,Assumed,Trapezoid,Upper
Sc_1_F_28,f91,367.1,17.5,Gu,Assumed,Trapezoid,Upper
Sc_1_F_28,f91,485.1,25,Ma,Assumed,Trapezoid,Upper
Sc_1_F_28,f91,574.5,29.2,Hu,Assumed,Trapezoid,Mid
Sc_1_F_28,f91,745.5,39.2,Ka,Assumed,Trapezoid,Lower
Sc_1_F_28,f91,760,0,Er,Assumed,Trapezoid,Lower
Sc_8_F_10,f92,0,0,Gu,Secured,Triangle,Upper
Sc_8_F_10,f92,11.5,21,Ma,Secured,Triangle,Upper
Sc_8_F_10,f92,149.7,52.8,Hu,Secured,Triangle,Mid
Sc_8_F_10,f92,295,6.3,Ka,Secured,Triangle,Lower
Sc_8_F_10,f92,363.7,0,Er,Secured,Triangle,Lower
Sc_8_F_8,f93,0,0,Hu-1,Assumed,Trapezoid,Upper
Sc_8_F_8,f93,114,160,Zo2,Assumed,Trapezoid,Upper
Sc_8_F_8,f93,259.1,178,Zo8,Assumed,Trapezoid,Mid
Sc_8_F_8,f93,925.4,157,Gu,Assumed,Trapezoid,Lower
Sc_8_F_8,f93,1048.8,154,Ma,Assumed,Trapezoid,Lower
Sc_8_F_8,f93,1207.5,40,Hu,Assumed,Trapezoid,Lower
Sc_8_F_8,f93,1215,0,Ka,Assumed,Trapezoid,Lower
Sc_8_F_9,f94,0,0,F,Secured,Trapezoid,Upper
Sc_8_F_9,f94,447.5,63.4,Zo2,Secured,Trapezoid,Upper
Sc_8_F_9,f94,863.1,62.4,Zo8,Secured,Trapezoid,Mid
Sc_8_F_9,f94,1172.3,42.9,La,Secured,Trapezoid,Lower
Sc_8_F_9,f94,1460,0,Gu,Secured,Trapezoid,Lower
Sc_8_F_15,f95,325,0,F,Assumed,Trapezoid,Upper
Sc_8_F_15,f95,336.1,30,Zo2,Assumed,Trapezoid,Upper
Sc_8_F_15,f95,547.9,32,Zo8,Assumed,Trapezoid,Mid
Sc_8_F_15,f95,560,0,La,Assumed,Trapezoid,Lower
Sc_6_F_8,f96,0,0,F-2,Proven,Triangle,Upper
Sc_6_F_8,f96,190.1,19.5,Zo2,Proven,Triangle,Upper
Sc_6_F_8,f96,347.4,47.6,Zo8,Proven,Triangle,Upper
Sc_6_F_8,f96,709.7,90,Gu,Secured,Triangle,Mid
Sc_6_F_8,f96,862.5,64,Ma,Secured,Triangle,Lower
Sc_6_F_8,f96,945,52,Hu,Proven,Triangle,Lower
Sc_6_F_8,f96,1203.5,26.9,Ka,Proven,Triangle,Lower
Sc_6_F_8,f96,1329.9,16,Er,Proven,Triangle,Lower
Sc_6_F_8,f96,1485.1,0,Pr,Proven,Triangle,Lower
Sc_12_F_3,f97,0,0,Hu,Proven,Positive Skewed,Upper
Sc_12_F_3,f97,26.1,112.8,Ka,Proven,Positive Skewed,Upper
Sc_12_F_3,f97,173.9,241.6,Er,Proven,Positive Skewed,Upper
Sc_12_F_3,f97,450,299.4,Pr,Secured,Positive Skewed,Mid
Sc_12_F_3,f97,640,192.7,Di,Secured,Positive Skewed,Lower
Sc_12_F_3,f97,790,129.7,So,Secured,Positive Skewed,Lower
Sc_12_F_3,f97,1050,129.3,Gi5,Assumed,Positive Skewed,Lower
Sc_12_F_3,f97,1247,109.8,Fi,Assumed,Positive Skewed,Lower
Sc_12_F_3,f97,1480,0,Mg,Assumed,Positive Skewed,Lower
Sc_8_F_2,f98,0,0,Hu-1,Secured,Overlap,Upper
Sc_8_F_2,f98,7.5,0.4,Hu,Secured,Overlap,Upper
Sc_8_F_2,f98,157.8,80,Ka,Secured,Overlap,Mid
Sc_8_F_2,f98,409.5,16,Er,Secured,Overlap,Lower
Sc_8_F_2,f98,617.7,18,Pr,Secured,Overlap,Lower
Sc_8_F_2,f98,692.3,50,Di,Secured,Overlap,Lower
Sc_8_F_2,f98,791.9,69,So,Secured,Overlap,Lower
Sc_8_F_2,f98,1224,0,Pl,Secured,Overlap,Lower
