No,Section,Horizons,Cum_Length_Proven,Cum_Length_Secure,Cum_Length_Assume,,,Total-Horizons-Length,Horizons,Section-1,,,Section-2,,,Section-3,,,Section-4,,,Section-5,,,Section-6,,,Section-7,,,Section-8,,,Section-9,,,Section-10,,,Section-11,,,Section-12,,
204,1,Zo2,40533.2,22861.9,16542,,,,Horizons,Level-2,Level-3,Level-4,Level-2,Level-3,Level-4,Level-2,Level-3,Level-4,Level-2,Level-3,Level-4,Level-2,Level-3,Level-4,Level-2,Level-3,Level-4,Level-2,Level-3,Level-4,Level-2,Level-3,Level-4,Level-2,Level-3,Level-4,Level-2,Level-3,Level-4,Level-2,Level-3,Level-4,Level-2,Level-3,Level-4
205,1,Zo8,39533.8,25058.8,23925.1,,,,T,0,0,0,0,0,0,0,0,0,0,0,0,0,0,0,0,0,0,0,0,0,0,0,0,778.2,7423.6,8743.7,0,0,0,0,0,0,778.2,7423.6,8743.7
206,1,HU,,,,,,,Q,0,0,0,0,0,0,0,0,0,0,0,0,0,0,0,0,0,0,0,0,0,0,0,0,5090.8,14118.3,11029.6,0,0,0,5090.8,14118.3,11029.6,5090.8,14118.3,11029.6
207,1,Er,22957.1,16837.3,92123.3,,,,N,0,0,0,0,0,0,0,0,0,0,0,0,0,0,0,0,0,0,2472.6,240.9,1780.5,0,0,0,0,0,0,0,0,0,0,0,0,0,0,0
208,1,Gu,28153,29543.7,48152,,,,F,18179.3,19690,15368.7,0,0,0,0,0,0,0,0,0,0,0,0,0,0,0,18179.3,19690,15368.7,0,0,0,18179.3,19690,15368.7,18179.3,19690,15368.7,18179.3,19690,15368.7,18179.3,19690,15368.7
209,1,Ma,27523.9,25710.5,54843.6,,,,F-2,0,0,0,0,0,0,0,0,0,0,0,0,0,0,0,0,0,0,0,0,0,0,0,0,0,0,0,0,0,0,0,0,0,0,0,0
210,1,HU,,,,,,,Zo2,40533.2,22861.9,16542,0,0,0,0,0,0,0,0,0,0,0,0,40533.2,22861.9,16542,40533.2,22861.9,16542,40533.2,22861.9,16542,0,0,0,0,0,0,39533.8,25058.8,23925.1,0,0,0
211,1,Ka,33668.4,25721.3,73638.9,,,,Zo8,39533.8,25058.8,23925.1,0,0,0,0,0,0,0,0,0,39533.8,25058.8,23925.1,39533.8,25058.8,23925.1,39533.8,25058.8,23925.1,39533.8,25058.8,23925.1,0,0,0,39533.8,25058.8,23925.1,40533.2,22861.9,16542,39533.8,25058.8,23925.1
212,1,F,18179.3,19690,15368.7,,,,La,0,0,0,0,0,0,0,0,0,19102.6,3543.6,4373.5,19102.6,3543.6,4373.5,19102.6,3543.6,4373.5,19102.6,3543.6,4373.5,0,0,0,0,0,0,0,0,0,0,0,0,0,0,0
217,1,Fi,35310.2,16334.6,143450.4,,,,Gu,28153,29543.7,48152,0,0,0,0,0,0,28153,29543.7,48152,28153,29543.7,48152,28153,29543.7,48152,28153,29543.7,48152,28153,29543.7,48152,28153,29543.7,48152,28153,29543.7,48152,28153,29543.7,48152,28153,29543.7,48152
218,1,Kr-2,3689.7,0,0,,,,Ma,27523.9,25710.5,54843.6,0,0,0,0,0,0,27523.9,25710.5,54843.6,27523.9,25710.5,54843.6,27523.9,25710.5,54843.6,27523.9,25710.5,54843.6,27523.9,25710.5,54843.6,27523.9,25710.5,54843.6,27523.9,25710.5,54843.6,27523.9,25710.5,54843.6,27523.9,25710.5,54843.6
219,1,Mg,18456,37903.1,140923.9,,,,Hu,0,0,0,0,0,0,0,0,0,20013.7,37750.9,56619,20013.7,37750.9,56619,20013.7,37750.9,56619,20013.7,37750.9,56619,20013.7,37750.9,56619,20013.7,37750.9,56619,0,0,0,20013.7,37750.9,56619,20013.7,37750.9,56619
53,2,Ka,33668.4,25721.3,73638.9,,,,Ka,33668.4,25721.3,73638.9,33668.4,25721.3,73638.9,0,0,0,33668.4,25721.3,73638.9,33668.4,25721.3,73638.9,33668.4,25721.3,73638.9,33668.4,25721.3,73638.9,33668.4,25721.3,73638.9,33668.4,25721.3,73638.9,33668.4,25721.3,73638.9,33668.4,25721.3,73638.9,33668.4,25721.3,73638.9
54,2,Er,22957.1,16837.3,92123.3,,,,Er,22957.1,16837.3,92123.3,22957.1,16837.3,92123.3,0,0,0,22957.1,16837.3,92123.3,22957.1,16837.3,92123.3,22957.1,16837.3,92123.3,22957.1,16837.3,92123.3,22957.1,16837.3,92123.3,22957.1,16837.3,92123.3,22957.1,16837.3,92123.3,22957.1,16837.3,92123.3,22957.1,16837.3,92123.3
55,2,Di,23081.4,15408,111506.5,,,,Pr,0,0,0,0,0,0,0,0,0,26597,7800,113275.1,26597,7800,113275.1,26597,7800,113275.1,26597,7800,113275.1,26597,7800,113275.1,26597,7800,113275.1,26597,7800,113275.1,26597,7800,113275.1,26597,7800,113275.1
56,2,So,43049.6,5341.5,115148,,,,Di,0,0,0,23081.4,15408,111506.5,0,0,0,23081.4,15408,111506.5,23081.4,15408,111506.5,23081.4,15408,111506.5,23081.4,15408,111506.5,23081.4,15408,111506.5,23081.4,15408,111506.5,23081.4,15408,111506.5,23081.4,15408,111506.5,23081.4,15408,111506.5
239,2,Fi,35310.2,16334.6,143450.4,,,,So,0,0,0,43049.6,5341.5,115148,0,0,0,43049.6,5341.5,115148,43049.6,5341.5,115148,43049.6,5341.5,115148,43049.6,5341.5,115148,43049.6,5341.5,115148,43049.6,5341.5,115148,43049.6,5341.5,115148,43049.6,5341.5,115148,43049.6,5341.5,115148
240,2,Ge1,1893.5,0,0,,,,Gi5,0,0,0,0,0,0,0,0,0,33908.4,14125.9,129730.6,33908.4,14125.9,129730.6,33908.4,14125.9,129730.6,33908.4,14125.9,129730.6,33908.4,14125.9,129730.6,33908.4,14125.9,129730.6,33908.4,14125.9,129730.6,33908.4,14125.9,129730.6,33908.4,14125.9,129730.6
241,2,Mg,18456,37903.1,140923.9,,,,Fi,35310.2,16334.6,143450.4,35310.2,16334.6,143450.4,35310.2,16334.6,143450.4,35310.2,16334.6,143450.4,35310.2,16334.6,143450.4,35310.2,16334.6,143450.4,35310.2,16334.6,143450.4,35310.2,16334.6,143450.4,35310.2,16334.6,143450.4,35310.2,16334.6,143450.4,35310.2,16334.6,143450.4,35310.2,16334.6,143450.4
242,2,Sb,6173,7344.2,166599.4,,,,Ge1,0,0,0,1893.5,0,0,1893.5,0,0,0,0,0,0,0,0,0,0,0,0,0,0,0,0,0,0,0,0,0,0,0,0,0,0,0,0,0
213,3,Fi,35310.2,16334.6,143450.4,,,,Kr-2,3689.7,0,0,0,0,0,0,0,0,0,0,0,0,0,0,0,0,0,0,0,0,0,0,0,0,0,0,0,0,0,0,0,0,0,0,0
214,3,Ge1,1893.5,0,0,,,,Mg,18456,37903.1,140923.9,18456,37903.1,140923.9,18456,37903.1,140923.9,18456,37903.1,140923.9,18456,37903.1,140923.9,18456,37903.1,140923.9,18456,37903.1,140923.9,18456,37903.1,140923.9,18456,37903.1,140923.9,18456,37903.1,140923.9,18456,37903.1,140923.9,18456,37903.1,140923.9
215,3,Mg,18456,37903.1,140923.9,,,,Sb,0,0,0,6173,7344.2,166599.4,6173,7344.2,166599.4,6173,7344.2,166599.4,6173,7344.2,166599.4,6173,7344.2,166599.4,6173,7344.2,166599.4,6173,7344.2,166599.4,6173,7344.2,166599.4,6173,7344.2,166599.4,6173,7344.2,166599.4,6173,7344.2,166599.4
216,3,Sb,6173,7344.2,166599.4,,,,Hf,0,0,0,0,0,0,0,0,0,355.2,247,122365.3,0,0,0,355.2,247,122365.3,355.2,247,122365.3,355.2,247,122365.3,355.2,247,122365.3,355.2,247,122365.3,355.2,247,122365.3,355.2,247,122365.3
3,4,Ma,27523.9,25710.5,54843.6,,,,Wb,0,0,0,0,0,0,0,0,0,621.7,0,122720,0,0,0,621.7,0,122720,621.7,0,122720,621.7,0,122720,621.7,0,122720,621.7,0,122720,621.7,0,122720,621.7,0,122720
4,4,Hu,20013.7,37750.9,56619,,,,Gs,0,0,0,0,0,0,0,0,0,0,0,0,0,0,0,0,0,0,0,0,0,0,0,0,0,0,0,0,0,0,0,0,0,0,0,0
5,4,Ka1,,,,,,,,,,,,,,,,,,,,,,,,,,,,,,,,,,,,,,,,,,,
6,4,Gu,28153,29543.7,48152,,,,,,,,,,,,,,,,,,,,,,,,,,,,,,,,,,,,,,,,
7,4,Ma,27523.9,25710.5,54843.6,,,,,,,,,,,,,,,,,,,,,,,,,,,,,,,,,,,,,,,,
8,4,Hu,20013.7,37750.9,56619,,,,,,,,,,,,,,,,,,,,,,,,,,,,,,,,,,,,,,,,
83,4,Gu,28153,29543.7,48152,,,,,3975.6 m,,,,,,,,,,,,,,,,,,,,,,,,,,,,,,,,,,,
84,4,Ma,27523.9,25710.5,54843.6,,,,,,,,,,,,,,,,,,,,,,,,,,,,,,,,,,,,,,,,
85,4,Hu,20013.7,37750.9,56619,,,,,,,,,,,,,,,,,,,,,,,,,,,,,,,,,,,,,,,,
86,4,Ka,33668.4,25721.3,73638.9,,,,,,,,,,,,,,,,,,,,,,,,,,,,,,,,,,,,,,,,
331,4,Pr,26597,7800,113275.1,,,,,,,,,,,,,,,,,,,,,,,,,,,,,,,,,,,,,,,,
332,4,Fi,35310.2,16334.6,143450.4,,,,,,,,,,,,,,,,,,,,,,,,,,,,,,,,,,,,,,,,
333,4,La,19102.6,3543.6,4373.5,,,,,,,,,,,,,,,,,,,,,,,,,,,,,,,,,,,,,,,,
334,4,Gu,28153,29543.7,48152,,,,,,,,,,,,,,,,,,,,,,,,,,,,,,,,,,,,,,,,
335,4,Ma,27523.9,25710.5,54843.6,,,,,,,,,,,,,,,,,,,,,,,,,,,,,,,,,,,,,,,,
336,4,Hu,20013.7,37750.9,56619,,,,,,,,,,,,,,,,,,,,,,,,,,,,,,,,,,,,,,,,
337,4,Ka,33668.4,25721.3,73638.9,,,,,,,,,,,,,,,,,,,,,,,,,,,,,,,,,,,,,,,,
338,4,Er,22957.1,16837.3,92123.3,,,,,,,,,,,,,,,,,,,,,,,,,,,,,,,,,,,,,,,,
339,4,Di,23081.4,15408,111506.5,,,,,,,,,,,,,,,,,,,,,,,,,,,,,,,,,,,,,,,,
340,4,So,43049.6,5341.5,115148,,,,,,,,,,,,,,,,,,,,,,,,,,,,,,,,,,,,,,,,
341,4,Gi5,33908.4,14125.9,129730.6,,,,,,,,,,,,,,,,,,,,,,,,,,,,,,,,,,,,,,,,
342,4,Mg,18456,37903.1,140923.9,,,,,,,,,,,,,,,,,,,,,,,,,,,,,,,,,,,,,,,,
343,4,Sb,6173,7344.2,166599.4,,,,,,,,,,,,,,,,,,,,,,,,,,,,,,,,,,,,,,,,
344,4,Hf,355.2,247,122365.3,,,,,,,,,,,,,,,,,,,,,,,,,,,,,,,,,,,,,,,,
345,4,Wb,621.7,0,122720,,,,,,,,,,,,,,,,,,,,,,,,,,,,,,,,,,,,,,,,
17,5,Gu,28153,29543.7,48152,,,,,,,,,,,,,,,,,,,,,,,,,,,,,,,,,,,,,,,,
18,5,Ma,27523.9,25710.5,54843.6,,,,,,,,,,,,,,,,,,,,,,,,,,,,,,,,,,,,,,,,
19,5,Hu,20013.7,37750.9,56619,,,,,,,,,,,,,,,,,,,,,,,,,,,,,,,,,,,,,,,,
20,5,Ka,33668.4,25721.3,73638.9,,,,,,,,,,,,,,,,,,,,,,,,,,,,,,,,,,,,,,,,
21,5,Er,22957.1,16837.3,92123.3,,,,,,,,,,,,,,,,,,,,,,,,,,,,,,,,,,,,,,,,
30,5,Gu,28153,29543.7,48152,,,,,,,,,,,,,,,,,,,,,,,,,,,,,,,,,,,,,,,,
31,5,Ma,27523.9,25710.5,54843.6,,,,,,,,,,,,,,,,,,,,,,,,,,,,,,,,,,,,,,,,
32,5,Hu,20013.7,37750.9,56619,,,,,,,,,,,,,,,,,,,,,,,,,,,,,,,,,,,,,,,,
33,5,Ka,33668.4,25721.3,73638.9,,,,,,,,,,,,,,,,,,,,,,,,,,,,,,,,,,,,,,,,
34,5,Er,22957.1,16837.3,92123.3,,,,,,,,,,,,,,,,,,,,,,,,,,,,,,,,,,,,,,,,
43,5,Ka,33668.4,25721.3,73638.9,,,,,,,,,,,,,,,,,,,,,,,,,,,,,,,,,,,,,,,,
44,5,Er,22957.1,16837.3,92123.3,,,,,,,,,,,,,,,,,,,,,,,,,,,,,,,,,,,,,,,,
45,5,Gu,28153,29543.7,48152,,,,,,,,,,,,,,,,,,,,,,,,,,,,,,,,,,,,,,,,
46,5,Ma,27523.9,25710.5,54843.6,,,,,,,,,,,,,,,,,,,,,,,,,,,,,,,,,,,,,,,,
47,5,Hu,20013.7,37750.9,56619,,,,,,,,,,,,,,,,,,,,,,,,,,,,,,,,,,,,,,,,
48,5,Gu,28153,29543.7,48152,,,,,,,,,,,,,,,,,,,,,,,,,,,,,,,,,,,,,,,,
49,5,Ma,27523.9,25710.5,54843.6,,,,,,,,,,,,,,,,,,,,,,,,,,,,,,,,,,,,,,,,
50,5,Hu,20013.7,37750.9,56619,,,,,,,,,,,,,,,,,,,,,,,,,,,,,,,,,,,,,,,,
51,5,Ka,33668.4,25721.3,73638.9,,,,,,,,,,,,,,,,,,,,,,,,,,,,,,,,,,,,,,,,
57,5,Pr,26597,7800,113275.1,,,,,,,,,,,,,,,,,,,,,,,,,,,,,,,,,,,,,,,,
58,5,Ka,33668.4,25721.3,73638.9,,,,,,,,,,,,,,,,,,,,,,,,,,,,,,,,,,,,,,,,
59,5,Er,22957.1,16837.3,92123.3,,,,,,,,,,,,,,,,,,,,,,,,,,,,,,,,,,,,,,,,
60,5,Di,23081.4,15408,111506.5,,,,,,,,,,,,,,,,,,,,,,,,,,,,,,,,,,,,,,,,
61,5,So,43049.6,5341.5,115148,,,,,,,,,,,,,,,,,,,,,,,,,,,,,,,,,,,,,,,,
62,5,Gi5,33908.4,14125.9,129730.6,,,,,,,,,,,,,,,,,,,,,,,,,,,,,,,,,,,,,,,,
187,5,Zo8,39533.8,25058.8,23925.1,,,,,,,,,,,,,,,,,,,,,,,,,,,,,,,,,,,,,,,,
188,5,La,19102.6,3543.6,4373.5,,,,,,,,,,,,,,,,,,,,,,,,,,,,,,,,,,,,,,,,
189,5,Gu,28153,29543.7,48152,,,,,,,,,,,,,,,,,,,,,,,,,,,,,,,,,,,,,,,,
190,5,Ma,27523.9,25710.5,54843.6,,,,,,,,,,,,,,,,,,,,,,,,,,,,,,,,,,,,,,,,
191,5,Hu,20013.7,37750.9,56619,,,,,,,,,,,,,,,,,,,,,,,,,,,,,,,,,,,,,,,,
192,5,Ka,33668.4,25721.3,73638.9,,,,,,,,,,,,,,,,,,,,,,,,,,,,,,,,,,,,,,,,
226,5,Pr,26597,7800,113275.1,,,,,,,,,,,,,,,,,,,,,,,,,,,,,,,,,,,,,,,,
227,5,Fi,35310.2,16334.6,143450.4,,,,,,,,,,,,,,,,,,,,,,,,,,,,,,,,,,,,,,,,
228,5,La,19102.6,3543.6,4373.5,,,,,,,,,,,,,,,,,,,,,,,,,,,,,,,,,,,,,,,,
229,5,Di,23081.4,15408,111506.5,,,,,,,,,,,,,,,,,,,,,,,,,,,,,,,,,,,,,,,,
230,5,So,43049.6,5341.5,115148,,,,,,,,,,,,,,,,,,,,,,,,,,,,,,,,,,,,,,,,
231,5,Gi5,33908.4,14125.9,129730.6,,,,,,,,,,,,,,,,,,,,,,,,,,,,,,,,,,,,,,,,
232,5,Gu,28153,29543.7,48152,,,,,,,,,,,,,,,,,,,,,,,,,,,,,,,,,,,,,,,,
233,5,Ma,27523.9,25710.5,54843.6,,,,,,,,,,,,,,,,,,,,,,,,,,,,,,,,,,,,,,,,
234,5,Hu,20013.7,37750.9,56619,,,,,,,,,,,,,,,,,,,,,,,,,,,,,,,,,,,,,,,,
235,5,Ka,33668.4,25721.3,73638.9,,,,,,,,,,,,,,,,,,,,,,,,,,,,,,,,,,,,,,,,
236,5,Er,22957.1,16837.3,92123.3,,,,,,,,,,,,,,,,,,,,,,,,,,,,,,,,,,,,,,,,
237,5,Mg,18456,37903.1,140923.9,,,,,,,,,,,,,,,,,,,,,,,,,,,,,,,,,,,,,,,,
238,5,Sb,6173,7344.2,166599.4,,,,,,,,,,,,,,,,,,,,,,,,,,,,,,,,,,,,,,,,
87,6,Zo2,40533.2,22861.9,16542,,,,,,,,,,,,,,,,,,,,,,,,,,,,,,,,,,,,,,,,
88,6,Zo8,39533.8,25058.8,23925.1,,,,,,,,,,,,,,,,,,,,,,,,,,,,,,,,,,,,,,,,
89,6,Gu,28153,29543.7,48152,,,,,,,,,,,,,,,,,,,,,,,,,,,,,,,,,,,,,,,,
90,6,Ma,27523.9,25710.5,54843.6,,,,,,,,,,,,,,,,,,,,,,,,,,,,,,,,,,,,,,,,
114,6,Pr,26597,7800,113275.1,,,,,,,,,,,,,,,,,,,,,,,,,,,,,,,,,,,,,,,,
115,6,Hu,20013.7,37750.9,56619,,,,,,,,,,,,,,,,,,,,,,,,,,,,,,,,,,,,,,,,
116,6,Ka,33668.4,25721.3,73638.9,,,,,,,,,,,,,,,,,,,,,,,,,,,,,,,,,,,,,,,,
117,6,Er,22957.1,16837.3,92123.3,,,,,,,,,,,,,,,,,,,,,,,,,,,,,,,,,,,,,,,,
118,6,Di,23081.4,15408,111506.5,,,,,,,,,,,,,,,,,,,,,,,,,,,,,,,,,,,,,,,,
119,6,So,43049.6,5341.5,115148,,,,,,,,,,,,,,,,,,,,,,,,,,,,,,,,,,,,,,,,
120,6,Gi5,33908.4,14125.9,129730.6,,,,,,,,,,,,,,,,,,,,,,,,,,,,,,,,,,,,,,,,
144,6,Zo2,40533.2,22861.9,16542,,,,,,,,,,,,,,,,,,,,,,,,,,,,,,,,,,,,,,,,
146,6,Gu,28153,29543.7,48152,,,,,,,,,,,,,,,,,,,,,,,,,,,,,,,,,,,,,,,,
147,6,Ma,27523.9,25710.5,54843.6,,,,,,,,,,,,,,,,,,,,,,,,,,,,,,,,,,,,,,,,
148,6,Hu,20013.7,37750.9,56619,,,,,,,,,,,,,,,,,,,,,,,,,,,,,,,,,,,,,,,,
149,6,Ka,33668.4,25721.3,73638.9,,,,,,,,,,,,,,,,,,,,,,,,,,,,,,,,,,,,,,,,
150,6,Kr,,,,,,,,,,,,,,,,,,,,,,,,,,,,,,,,,,,,,,,,,,,
157,6,Zo8,39533.8,25058.8,23925.1,,,,,,,,,,,,,,,,,,,,,,,,,,,,,,,,,,,,,,,,
158,6,La,19102.6,3543.6,4373.5,,,,,,,,,,,,,,,,,,,,,,,,,,,,,,,,,,,,,,,,
159,6,Gu,28153,29543.7,48152,,,,,,,,,,,,,,,,,,,,,,,,,,,,,,,,,,,,,,,,
160,6,Ma,27523.9,25710.5,54843.6,,,,,,,,,,,,,,,,,,,,,,,,,,,,,,,,,,,,,,,,
161,6,HU,,,,,,,,,,,,,,,,,,,,,,,,,,,,,,,,,,,,,,,,,,,
292,6,Pr,26597,7800,113275.1,,,,,,,,,,,,,,,,,,,,,,,,,,,,,,,,,,,,,,,,
293,6,Fi,35310.2,16334.6,143450.4,,,,,,,,,,,,,,,,,,,,,,,,,,,,,,,,,,,,,,,,
294,6,GU,,,,,,,,,,,,,,,,,,,,,,,,,,,,,,,,,,,,,,,,,,,
295,6,Ma,27523.9,25710.5,54843.6,,,,,,,,,,,,,,,,,,,,,,,,,,,,,,,,,,,,,,,,
296,6,Hu,20013.7,37750.9,56619,,,,,,,,,,,,,,,,,,,,,,,,,,,,,,,,,,,,,,,,
297,6,Ka,33668.4,25721.3,73638.9,,,,,,,,,,,,,,,,,,,,,,,,,,,,,,,,,,,,,,,,
298,6,Er,22957.1,16837.3,92123.3,,,,,,,,,,,,,,,,,,,,,,,,,,,,,,,,,,,,,,,,
299,6,Di,23081.4,15408,111506.5,,,,,,,,,,,,,,,,,,,,,,,,,,,,,,,,,,,,,,,,
300,6,So,43049.6,5341.5,115148,,,,,,,,,,,,,,,,,,,,,,,,,,,,,,,,,,,,,,,,
301,6,Gi5,33908.4,14125.9,129730.6,,,,,,,,,,,,,,,,,,,,,,,,,,,,,,,,,,,,,,,,
302,6,Mg,18456,37903.1,140923.9,,,,,,,,,,,,,,,,,,,,,,,,,,,,,,,,,,,,,,,,
303,6,Sb,6173,7344.2,166599.4,,,,,,,,,,,,,,,,,,,,,,,,,,,,,,,,,,,,,,,,
304,6,Hf,355.2,247,122365.3,,,,,,,,,,,,,,,,,,,,,,,,,,,,,,,,,,,,,,,,
305,6,Wb,621.7,0,122720,,,,,,,,,,,,,,,,,,,,,,,,,,,,,,,,,,,,,,,,
9,7,Gu,28153,29543.7,48152,,,,,,,,,,,,,,,,,,,,,,,,,,,,,,,,,,,,,,,,
10,7,Ma,27523.9,25710.5,54843.6,,,,,,,,,,,,,,,,,,,,,,,,,,,,,,,,,,,,,,,,
11,7,Hu,20013.7,37750.9,56619,,,,,,,,,,,,,,,,,,,,,,,,,,,,,,,,,,,,,,,,
12,7,Ka,33668.4,25721.3,73638.9,,,,,,,,,,,,,,,,,,,,,,,,,,,,,,,,,,,,,,,,
13,7,GU,,,,,,,,,,,,,,,,,,,,,,,,,,,,,,,,,,,,,,,,,,,
14,7,Ma,27523.9,25710.5,54843.6,,,,,,,,,,,,,,,,,,,,,,,,,,,,,,,,,,,,,,,,
15,7,Hu,20013.7,37750.9,56619,,,,,,,,,,,,,,,,,,,,,,,,,,,,,,,,,,,,,,,,
16,7,Ka,33668.4,25721.3,73638.9,,,,,,,,,,,,,,,,,,,,,,,,,,,,,,,,,,,,,,,,
38,7,Gu,28153,29543.7,48152,,,,,,,,,,,,,,,,,,,,,,,,,,,,,,,,,,,,,,,,
39,7,Ma,27523.9,25710.5,54843.6,,,,,,,,,,,,,,,,,,,,,,,,,,,,,,,,,,,,,,,,
40,7,Hu,20013.7,37750.9,56619,,,,,,,,,,,,,,,,,,,,,,,,,,,,,,,,,,,,,,,,
63,7,Zo2,40533.2,22861.9,16542,,,,,,,,,,,,,,,,,,,,,,,,,,,,,,,,,,,,,,,,
64,7,Zo8,39533.8,25058.8,23925.1,,,,,,,,,,,,,,,,,,,,,,,,,,,,,,,,,,,,,,,,
65,7,Gu,28153,29543.7,48152,,,,,,,,,,,,,,,,,,,,,,,,,,,,,,,,,,,,,,,,
66,7,Ma,27523.9,25710.5,54843.6,,,,,,,,,,,,,,,,,,,,,,,,,,,,,,,,,,,,,,,,
67,7,Hu,20013.7,37750.9,56619,,,,,,,,,,,,,,,,,,,,,,,,,,,,,,,,,,,,,,,,
68,7,N,2472.6,240.9,1780.5,,,,,,,,,,,,,,,,,,,,,,,,,,,,,,,,,,,,,,,,
69,7,F,18179.3,19690,15368.7,,,,,,,,,,,,,,,,,,,,,,,,,,,,,,,,,,,,,,,,
70,7,Pr,26597,7800,113275.1,,,,,,,,,,,,,,,,,,,,,,,,,,,,,,,,,,,,,,,,
71,7,HU,,,,,,,,,,,,,,,,,,,,,,,,,,,,,,,,,,,,,,,,,,,
72,7,Ka,33668.4,25721.3,73638.9,,,,,,,,,,,,,,,,,,,,,,,,,,,,,,,,,,,,,,,,
73,7,Er,22957.1,16837.3,92123.3,,,,,,,,,,,,,,,,,,,,,,,,,,,,,,,,,,,,,,,,
74,7,Di,23081.4,15408,111506.5,,,,,,,,,,,,,,,,,,,,,,,,,,,,,,,,,,,,,,,,
75,7,So,43049.6,5341.5,115148,,,,,,,,,,,,,,,,,,,,,,,,,,,,,,,,,,,,,,,,
76,7,Gi5,33908.4,14125.9,129730.6,,,,,,,,,,,,,,,,,,,,,,,,,,,,,,,,,,,,,,,,
96,7,Zo2,40533.2,22861.9,16542,,,,,,,,,,,,,,,,,,,,,,,,,,,,,,,,,,,,,,,,
97,7,Zo8,39533.8,25058.8,23925.1,,,,,,,,,,,,,,,,,,,,,,,,,,,,,,,,,,,,,,,,
98,7,La,19102.6,3543.6,4373.5,,,,,,,,,,,,,,,,,,,,,,,,,,,,,,,,,,,,,,,,
99,7,Gu,28153,29543.7,48152,,,,,,,,,,,,,,,,,,,,,,,,,,,,,,,,,,,,,,,,
100,7,Ma,27523.9,25710.5,54843.6,,,,,,,,,,,,,,,,,,,,,,,,,,,,,,,,,,,,,,,,
101,7,Hu,20013.7,37750.9,56619,,,,,,,,,,,,,,,,,,,,,,,,,,,,,,,,,,,,,,,,
102,7,Ka,33668.4,25721.3,73638.9,,,,,,,,,,,,,,,,,,,,,,,,,,,,,,,,,,,,,,,,
103,7,Er,22957.1,16837.3,92123.3,,,,,,,,,,,,,,,,,,,,,,,,,,,,,,,,,,,,,,,,
162,7,Zo2,40533.2,22861.9,16542,,,,,,,,,,,,,,,,,,,,,,,,,,,,,,,,,,,,,,,,
163,7,Zo8,39533.8,25058.8,23925.1,,,,,,,,,,,,,,,,,,,,,,,,,,,,,,,,,,,,,,,,
164,7,Gu,28153,29543.7,48152,,,,,,,,,,,,,,,,,,,,,,,,,,,,,,,,,,,,,,,,
165,7,Ma,27523.9,25710.5,54843.6,,,,,,,,,,,,,,,,,,,,,,,,,,,,,,,,,,,,,,,,
166,7,Hu,20013.7,37750.9,56619,,,,,,,,,,,,,,,,,,,,,,,,,,,,,,,,,,,,,,,,
167,7,Er,22957.1,16837.3,92123.3,,,,,,,,,,,,,,,,,,,,,,,,,,,,,,,,,,,,,,,,
168,7,Ka,33668.4,25721.3,73638.9,,,,,,,,,,,,,,,,,,,,,,,,,,,,,,,,,,,,,,,,
169,7,Zo2,40533.2,22861.9,16542,,,,,,,,,,,,,,,,,,,,,,,,,,,,,,,,,,,,,,,,
170,7,Zo8,39533.8,25058.8,23925.1,,,,,,,,,,,,,,,,,,,,,,,,,,,,,,,,,,,,,,,,
171,7,Pr,26597,7800,113275.1,,,,,,,,,,,,,,,,,,,,,,,,,,,,,,,,,,,,,,,,
172,7,Ka,33668.4,25721.3,73638.9,,,,,,,,,,,,,,,,,,,,,,,,,,,,,,,,,,,,,,,,
173,7,Gu,28153,29543.7,48152,,,,,,,,,,,,,,,,,,,,,,,,,,,,,,,,,,,,,,,,
174,7,Ma,27523.9,25710.5,54843.6,,,,,,,,,,,,,,,,,,,,,,,,,,,,,,,,,,,,,,,,
175,7,Hu,20013.7,37750.9,56619,,,,,,,,,,,,,,,,,,,,,,,,,,,,,,,,,,,,,,,,
176,7,Er,22957.1,16837.3,92123.3,,,,,,,,,,,,,,,,,,,,,,,,,,,,,,,,,,,,,,,,
177,7,Di,23081.4,15408,111506.5,,,,,,,,,,,,,,,,,,,,,,,,,,,,,,,,,,,,,,,,
306,7,Pr,26597,7800,113275.1,,,,,,,,,,,,,,,,,,,,,,,,,,,,,,,,,,,,,,,,
307,7,Fi,35310.2,16334.6,143450.4,,,,,,,,,,,,,,,,,,,,,,,,,,,,,,,,,,,,,,,,
308,7,Ma,27523.9,25710.5,54843.6,,,,,,,,,,,,,,,,,,,,,,,,,,,,,,,,,,,,,,,,
309,7,Gu,28153,29543.7,48152,,,,,,,,,,,,,,,,,,,,,,,,,,,,,,,,,,,,,,,,
310,7,Hu,20013.7,37750.9,56619,,,,,,,,,,,,,,,,,,,,,,,,,,,,,,,,,,,,,,,,
311,7,Ka,33668.4,25721.3,73638.9,,,,,,,,,,,,,,,,,,,,,,,,,,,,,,,,,,,,,,,,
312,7,Er,22957.1,16837.3,92123.3,,,,,,,,,,,,,,,,,,,,,,,,,,,,,,,,,,,,,,,,
313,7,Di,23081.4,15408,111506.5,,,,,,,,,,,,,,,,,,,,,,,,,,,,,,,,,,,,,,,,
314,7,So,43049.6,5341.5,115148,,,,,,,,,,,,,,,,,,,,,,,,,,,,,,,,,,,,,,,,
315,7,Gi5,33908.4,14125.9,129730.6,,,,,,,,,,,,,,,,,,,,,,,,,,,,,,,,,,,,,,,,
316,7,Mg,18456,37903.1,140923.9,,,,,,,,,,,,,,,,,,,,,,,,,,,,,,,,,,,,,,,,
317,7,Sb,6173,7344.2,166599.4,,,,,,,,,,,,,,,,,,,,,,,,,,,,,,,,,,,,,,,,
318,7,Hf,355.2,247,122365.3,,,,,,,,,,,,,,,,,,,,,,,,,,,,,,,,,,,,,,,,
319,7,Wb,621.7,0,122720,,,,,,,,,,,,,,,,,,,,,,,,,,,,,,,,,,,,,,,,
77,8,Pr,26597,7800,113275.1,,,,,,,,,,,,,,,,,,,,,,,,,,,,,,,,,,,,,,,,
78,8,Hu,20013.7,37750.9,56619,,,,,,,,,,,,,,,,,,,,,,,,,,,,,,,,,,,,,,,,
79,8,Ka,33668.4,25721.3,73638.9,,,,,,,,,,,,,,,,,,,,,,,,,,,,,,,,,,,,,,,,
80,8,Er,22957.1,16837.3,92123.3,,,,,,,,,,,,,,,,,,,,,,,,,,,,,,,,,,,,,,,,
81,8,Di,23081.4,15408,111506.5,,,,,,,,,,,,,,,,,,,,,,,,,,,,,,,,,,,,,,,,
82,8,So,43049.6,5341.5,115148,,,,,,,,,,,,,,,,,,,,,,,,,,,,,,,,,,,,,,,,
91,8,Zo2,40533.2,22861.9,16542,,,,,,,,,,,,,,,,,,,,,,,,,,,,,,,,,,,,,,,,
92,8,Zo8,39533.8,25058.8,23925.1,,,,,,,,,,,,,,,,,,,,,,,,,,,,,,,,,,,,,,,,
93,8,Gu,28153,29543.7,48152,,,,,,,,,,,,,,,,,,,,,,,,,,,,,,,,,,,,,,,,
94,8,Ma,27523.9,25710.5,54843.6,,,,,,,,,,,,,,,,,,,,,,,,,,,,,,,,,,,,,,,,
95,8,Hu,20013.7,37750.9,56619,,,,,,,,,,,,,,,,,,,,,,,,,,,,,,,,,,,,,,,,
104,8,Zo2,40533.2,22861.9,16542,,,,,,,,,,,,,,,,,,,,,,,,,,,,,,,,,,,,,,,,
145,8,Zo8,39533.8,25058.8,23925.1,,,,,,,,,,,,,,,,,,,,,,,,,,,,,,,,,,,,,,,,
178,8,Zo2,40533.2,22861.9,16542,,,,,,,,,,,,,,,,,,,,,,,,,,,,,,,,,,,,,,,,
193,8,Zo2,40533.2,22861.9,16542,,,,,,,,,,,,,,,,,,,,,,,,,,,,,,,,,,,,,,,,
194,8,Zo8,39533.8,25058.8,23925.1,,,,,,,,,,,,,,,,,,,,,,,,,,,,,,,,,,,,,,,,
320,8,Pr,26597,7800,113275.1,,,,,,,,,,,,,,,,,,,,,,,,,,,,,,,,,,,,,,,,
321,8,Fi,35310.2,16334.6,143450.4,,,,,,,,,,,,,,,,,,,,,,,,,,,,,,,,,,,,,,,,
322,8,Di,23081.4,15408,111506.5,,,,,,,,,,,,,,,,,,,,,,,,,,,,,,,,,,,,,,,,
323,8,So,43049.6,5341.5,115148,,,,,,,,,,,,,,,,,,,,,,,,,,,,,,,,,,,,,,,,
324,8,Ka,33668.4,25721.3,73638.9,,,,,,,,,,,,,,,,,,,,,,,,,,,,,,,,,,,,,,,,
325,8,Gi5,33908.4,14125.9,129730.6,,,,,,,,,,,,,,,,,,,,,,,,,,,,,,,,,,,,,,,,
326,8,Er,22957.1,16837.3,92123.3,,,,,,,,,,,,,,,,,,,,,,,,,,,,,,,,,,,,,,,,
327,8,Mg,18456,37903.1,140923.9,,,,,,,,,,,,,,,,,,,,,,,,,,,,,,,,,,,,,,,,
328,8,Sb,6173,7344.2,166599.4,,,,,,,,,,,,,,,,,,,,,,,,,,,,,,,,,,,,,,,,
329,8,Hf,355.2,247,122365.3,,,,,,,,,,,,,,,,,,,,,,,,,,,,,,,,,,,,,,,,
330,8,Wb,621.7,0,122720,,,,,,,,,,,,,,,,,,,,,,,,,,,,,,,,,,,,,,,,
22,9,Fi,35310.2,16334.6,143450.4,,,,,,,,,,,,,,,,,,,,,,,,,,,,,,,,,,,,,,,,
23,9,Mg,18456,37903.1,140923.9,,,,,,,,,,,,,,,,,,,,,,,,,,,,,,,,,,,,,,,,
52,9,Pr,26597,7800,113275.1,,,,,,,,,,,,,,,,,,,,,,,,,,,,,,,,,,,,,,,,
195,9,Pr,26597,7800,113275.1,,,,,,,,,,,,,,,,,,,,,,,,,,,,,,,,,,,,,,,,
196,9,Gu,28153,29543.7,48152,,,,,,,,,,,,,,,,,,,,,,,,,,,,,,,,,,,,,,,,
197,9,Ma,27523.9,25710.5,54843.6,,,,,,,,,,,,,,,,,,,,,,,,,,,,,,,,,,,,,,,,
198,9,Hu,20013.7,37750.9,56619,,,,,,,,,,,,,,,,,,,,,,,,,,,,,,,,,,,,,,,,
199,9,Ka,33668.4,25721.3,73638.9,,,,,,,,,,,,,,,,,,,,,,,,,,,,,,,,,,,,,,,,
200,9,Er,22957.1,16837.3,92123.3,,,,,,,,,,,,,,,,,,,,,,,,,,,,,,,,,,,,,,,,
201,9,T,778.2,7423.6,8743.7,,,,,,,,,,,,,,,,,,,,,,,,,,,,,,,,,,,,,,,,
202,9,Q,5090.8,14118.3,11029.6,,,,,,,,,,,,,,,,,,,,,,,,,,,,,,,,,,,,,,,,
203,9,F,18179.3,19690,15368.7,,,,,,,,,,,,,,,,,,,,,,,,,,,,,,,,,,,,,,,,
220,9,Fi,35310.2,16334.6,143450.4,,,,,,,,,,,,,,,,,,,,,,,,,,,,,,,,,,,,,,,,
221,9,Gi5,33908.4,14125.9,129730.6,,,,,,,,,,,,,,,,,,,,,,,,,,,,,,,,,,,,,,,,
222,9,Mg,18456,37903.1,140923.9,,,,,,,,,,,,,,,,,,,,,,,,,,,,,,,,,,,,,,,,
223,9,Sb,6173,7344.2,166599.4,,,,,,,,,,,,,,,,,,,,,,,,,,,,,,,,,,,,,,,,
224,9,Hf,355.2,247,122365.3,,,,,,,,,,,,,,,,,,,,,,,,,,,,,,,,,,,,,,,,
225,9,Wb,621.7,0,122720,,,,,,,,,,,,,,,,,,,,,,,,,,,,,,,,,,,,,,,,
269,9,Pr,26597,7800,113275.1,,,,,,,,,,,,,,,,,,,,,,,,,,,,,,,,,,,,,,,,
270,9,Fi,35310.2,16334.6,143450.4,,,,,,,,,,,,,,,,,,,,,,,,,,,,,,,,,,,,,,,,
271,9,Hu,20013.7,37750.9,56619,,,,,,,,,,,,,,,,,,,,,,,,,,,,,,,,,,,,,,,,
272,9,Ka,33668.4,25721.3,73638.9,,,,,,,,,,,,,,,,,,,,,,,,,,,,,,,,,,,,,,,,
273,9,Er,22957.1,16837.3,92123.3,,,,,,,,,,,,,,,,,,,,,,,,,,,,,,,,,,,,,,,,
274,9,Di,23081.4,15408,111506.5,,,,,,,,,,,,,,,,,,,,,,,,,,,,,,,,,,,,,,,,
275,9,So,43049.6,5341.5,115148,,,,,,,,,,,,,,,,,,,,,,,,,,,,,,,,,,,,,,,,
276,9,Gi5,33908.4,14125.9,129730.6,,,,,,,,,,,,,,,,,,,,,,,,,,,,,,,,,,,,,,,,
277,9,Mg,18456,37903.1,140923.9,,,,,,,,,,,,,,,,,,,,,,,,,,,,,,,,,,,,,,,,
278,9,Sb,6173,7344.2,166599.4,,,,,,,,,,,,,,,,,,,,,,,,,,,,,,,,,,,,,,,,
279,9,Hf,355.2,247,122365.3,,,,,,,,,,,,,,,,,,,,,,,,,,,,,,,,,,,,,,,,
280,9,Wb,621.7,0,122720,,,,,,,,,,,,,,,,,,,,,,,,,,,,,,,,,,,,,,,,
151,10,Pr,26597,7800,113275.1,,,,,,,,,,,,,,,,,,,,,,,,,,,,,,,,,,,,,,,,
152,10,Ka,33668.4,25721.3,73638.9,,,,,,,,,,,,,,,,,,,,,,,,,,,,,,,,,,,,,,,,
153,10,Er,22957.1,16837.3,92123.3,,,,,,,,,,,,,,,,,,,,,,,,,,,,,,,,,,,,,,,,
154,10,Di,23081.4,15408,111506.5,,,,,,,,,,,,,,,,,,,,,,,,,,,,,,,,,,,,,,,,
155,10,So,43049.6,5341.5,115148,,,,,,,,,,,,,,,,,,,,,,,,,,,,,,,,,,,,,,,,
156,10,Gi5,33908.4,14125.9,129730.6,,,,,,,,,,,,,,,,,,,,,,,,,,,,,,,,,,,,,,,,
179,10,Zo8,39533.8,25058.8,23925.1,,,,,,,,,,,,,,,,,,,,,,,,,,,,,,,,,,,,,,,,
180,10,Pr,26597,7800,113275.1,,,,,,,,,,,,,,,,,,,,,,,,,,,,,,,,,,,,,,,,
181,10,HU,,,,,,,,,,,,,,,,,,,,,,,,,,,,,,,,,,,,,,,,,,,
182,10,Ka,33668.4,25721.3,73638.9,,,,,,,,,,,,,,,,,,,,,,,,,,,,,,,,,,,,,,,,
183,10,Er,22957.1,16837.3,92123.3,,,,,,,,,,,,,,,,,,,,,,,,,,,,,,,,,,,,,,,,
184,10,Gu,28153,29543.7,48152,,,,,,,,,,,,,,,,,,,,,,,,,,,,,,,,,,,,,,,,
185,10,Ma,27523.9,25710.5,54843.6,,,,,,,,,,,,,,,,,,,,,,,,,,,,,,,,,,,,,,,,
186,10,F,18179.3,19690,15368.7,,,,,,,,,,,,,,,,,,,,,,,,,,,,,,,,,,,,,,,,
281,10,Pr,26597,7800,113275.1,,,,,,,,,,,,,,,,,,,,,,,,,,,,,,,,,,,,,,,,
282,10,Fi,35310.2,16334.6,143450.4,,,,,,,,,,,,,,,,,,,,,,,,,,,,,,,,,,,,,,,,
283,10,Ka,33668.4,25721.3,73638.9,,,,,,,,,,,,,,,,,,,,,,,,,,,,,,,,,,,,,,,,
284,10,Er,22957.1,16837.3,92123.3,,,,,,,,,,,,,,,,,,,,,,,,,,,,,,,,,,,,,,,,
285,10,Di,23081.4,15408,111506.5,,,,,,,,,,,,,,,,,,,,,,,,,,,,,,,,,,,,,,,,
286,10,So,43049.6,5341.5,115148,,,,,,,,,,,,,,,,,,,,,,,,,,,,,,,,,,,,,,,,
287,10,Gi5,33908.4,14125.9,129730.6,,,,,,,,,,,,,,,,,,,,,,,,,,,,,,,,,,,,,,,,
288,10,Mg,18456,37903.1,140923.9,,,,,,,,,,,,,,,,,,,,,,,,,,,,,,,,,,,,,,,,
289,10,Sb,6173,7344.2,166599.4,,,,,,,,,,,,,,,,,,,,,,,,,,,,,,,,,,,,,,,,
290,10,Hf,355.2,247,122365.3,,,,,,,,,,,,,,,,,,,,,,,,,,,,,,,,,,,,,,,,
291,10,Wb,621.7,0,122720,,,,,,,,,,,,,,,,,,,,,,,,,,,,,,,,,,,,,,,,
35,11,Pr,26597,7800,113275.1,,,,,,,,,,,,,,,,,,,,,,,,,,,,,,,,,,,,,,,,
36,11,Di,23081.4,15408,111506.5,,,,,,,,,,,,,,,,,,,,,,,,,,,,,,,,,,,,,,,,
37,11,So,43049.6,5341.5,115148,,,,,,,,,,,,,,,,,,,,,,,,,,,,,,,,,,,,,,,,
135,11,Zo8,39533.8,25058.8,23925.1,,,,,,,,,,,,,,,,,,,,,,,,,,,,,,,,,,,,,,,,
136,11,Zo2,40533.2,22861.9,16542,,,,,,,,,,,,,,,,,,,,,,,,,,,,,,,,,,,,,,,,
137,11,Ka,33668.4,25721.3,73638.9,,,,,,,,,,,,,,,,,,,,,,,,,,,,,,,,,,,,,,,,
138,11,Er,22957.1,16837.3,92123.3,,,,,,,,,,,,,,,,,,,,,,,,,,,,,,,,,,,,,,,,
139,11,Gu,28153,29543.7,48152,,,,,,,,,,,,,,,,,,,,,,,,,,,,,,,,,,,,,,,,
140,11,Ma,27523.9,25710.5,54843.6,,,,,,,,,,,,,,,,,,,,,,,,,,,,,,,,,,,,,,,,
141,11,Hu,20013.7,37750.9,56619,,,,,,,,,,,,,,,,,,,,,,,,,,,,,,,,,,,,,,,,
142,11,Q,5090.8,14118.3,11029.6,,,,,,,,,,,,,,,,,,,,,,,,,,,,,,,,,,,,,,,,
143,11,F,18179.3,19690,15368.7,,,,,,,,,,,,,,,,,,,,,,,,,,,,,,,,,,,,,,,,
257,11,Pr,26597,7800,113275.1,,,,,,,,,,,,,,,,,,,,,,,,,,,,,,,,,,,,,,,,
258,11,Fi,35310.2,16334.6,143450.4,,,,,,,,,,,,,,,,,,,,,,,,,,,,,,,,,,,,,,,,
259,11,Di,23081.4,15408,111506.5,,,,,,,,,,,,,,,,,,,,,,,,,,,,,,,,,,,,,,,,
260,11,So,43049.6,5341.5,115148,,,,,,,,,,,,,,,,,,,,,,,,,,,,,,,,,,,,,,,,
261,11,Gi5,33908.4,14125.9,129730.6,,,,,,,,,,,,,,,,,,,,,,,,,,,,,,,,,,,,,,,,
262,11,Hu,20013.7,37750.9,56619,,,,,,,,,,,,,,,,,,,,,,,,,,,,,,,,,,,,,,,,
263,11,Ka,33668.4,25721.3,73638.9,,,,,,,,,,,,,,,,,,,,,,,,,,,,,,,,,,,,,,,,
264,11,Er,22957.1,16837.3,92123.3,,,,,,,,,,,,,,,,,,,,,,,,,,,,,,,,,,,,,,,,
265,11,Mg,18456,37903.1,140923.9,,,,,,,,,,,,,,,,,,,,,,,,,,,,,,,,,,,,,,,,
266,11,Sb,6173,7344.2,166599.4,,,,,,,,,,,,,,,,,,,,,,,,,,,,,,,,,,,,,,,,
267,11,Hf,355.2,247,122365.3,,,,,,,,,,,,,,,,,,,,,,,,,,,,,,,,,,,,,,,,
268,11,Wb,621.7,0,122720,,,,,,,,,,,,,,,,,,,,,,,,,,,,,,,,,,,,,,,,
0,12,Ka,33668.4,25721.3,73638.9,,,,,,,,,,,,,,,,,,,,,,,,,,,,,,,,,,,,,,,,
1,12,Er,22957.1,16837.3,92123.3,,,,,,,,,,,,,,,,,,,,,,,,,,,,,,,,,,,,,,,,
2,12,Hu,20013.7,37750.9,56619,,,,,,,,,,,,,,,,,,,,,,,,,,,,,,,,,,,,,,,,
24,12,Pr,26597,7800,113275.1,,,,,,,,,,,,,,,,,,,,,,,,,,,,,,,,,,,,,,,,
25,12,Pr,26597,7800,113275.1,,,,,,,,,,,,,,,,,,,,,,,,,,,,,,,,,,,,,,,,
26,12,Di,23081.4,15408,111506.5,,,,,,,,,,,,,,,,,,,,,,,,,,,,,,,,,,,,,,,,
27,12,So,43049.6,5341.5,115148,,,,,,,,,,,,,,,,,,,,,,,,,,,,,,,,,,,,,,,,
28,12,Di,23081.4,15408,111506.5,,,,,,,,,,,,,,,,,,,,,,,,,,,,,,,,,,,,,,,,
29,12,So,43049.6,5341.5,115148,,,,,,,,,,,,,,,,,,,,,,,,,,,,,,,,,,,,,,,,
41,12,So,43049.6,5341.5,115148,,,,,,,,,,,,,,,,,,,,,,,,,,,,,,,,,,,,,,,,
42,12,Gi5,33908.4,14125.9,129730.6,,,,,,,,,,,,,,,,,,,,,,,,,,,,,,,,,,,,,,,,
105,12,Zo8,39533.8,25058.8,23925.1,,,,,,,,,,,,,,,,,,,,,,,,,,,,,,,,,,,,,,,,
106,12,Gu,28153,29543.7,48152,,,,,,,,,,,,,,,,,,,,,,,,,,,,,,,,,,,,,,,,
107,12,Ma,27523.9,25710.5,54843.6,,,,,,,,,,,,,,,,,,,,,,,,,,,,,,,,,,,,,,,,
108,12,Hu,20013.7,37750.9,56619,,,,,,,,,,,,,,,,,,,,,,,,,,,,,,,,,,,,,,,,
109,12,Ka,33668.4,25721.3,73638.9,,,,,,,,,,,,,,,,,,,,,,,,,,,,,,,,,,,,,,,,
110,12,Er,22957.1,16837.3,92123.3,,,,,,,,,,,,,,,,,,,,,,,,,,,,,,,,,,,,,,,,
111,12,T,778.2,7423.6,8743.7,,,,,,,,,,,,,,,,,,,,,,,,,,,,,,,,,,,,,,,,
112,12,Q,5090.8,14118.3,11029.6,,,,,,,,,,,,,,,,,,,,,,,,,,,,,,,,,,,,,,,,
113,12,F,18179.3,19690,15368.7,,,,,,,,,,,,,,,,,,,,,,,,,,,,,,,,,,,,,,,,
121,12,Pr,26597,7800,113275.1,,,,,,,,,,,,,,,,,,,,,,,,,,,,,,,,,,,,,,,,
122,12,Pr,26597,7800,113275.1,,,,,,,,,,,,,,,,,,,,,,,,,,,,,,,,,,,,,,,,
123,12,Fi,35310.2,16334.6,143450.4,,,,,,,,,,,,,,,,,,,,,,,,,,,,,,,,,,,,,,,,
124,12,Fi,35310.2,16334.6,143450.4,,,,,,,,,,,,,,,,,,,,,,,,,,,,,,,,,,,,,,,,
125,12,Ka,33668.4,25721.3,73638.9,,,,,,,,,,,,,,,,,,,,,,,,,,,,,,,,,,,,,,,,
126,12,Er,22957.1,16837.3,92123.3,,,,,,,,,,,,,,,,,,,,,,,,,,,,,,,,,,,,,,,,
127,12,Di,23081.4,15408,111506.5,,,,,,,,,,,,,,,,,,,,,,,,,,,,,,,,,,,,,,,,
128,12,Ka,33668.4,25721.3,73638.9,,,,,,,,,,,,,,,,,,,,,,,,,,,,,,,,,,,,,,,,
129,12,Er,22957.1,16837.3,92123.3,,,,,,,,,,,,,,,,,,,,,,,,,,,,,,,,,,,,,,,,
130,12,Di,23081.4,15408,111506.5,,,,,,,,,,,,,,,,,,,,,,,,,,,,,,,,,,,,,,,,
131,12,So,43049.6,5341.5,115148,,,,,,,,,,,,,,,,,,,,,,,,,,,,,,,,,,,,,,,,
132,12,Gi5,33908.4,14125.9,129730.6,,,,,,,,,,,,,,,,,,,,,,,,,,,,,,,,,,,,,,,,
133,12,Gi5,33908.4,14125.9,129730.6,,,,,,,,,,,,,,,,,,,,,,,,,,,,,,,,,,,,,,,,
134,12,So,43049.6,5341.5,115148,,,,,,,,,,,,,,,,,,,,,,,,,,,,,,,,,,,,,,,,
243,12,Pr,26597,7800,113275.1,,,,,,,,,,,,,,,,,,,,,,,,,,,,,,,,,,,,,,,,
244,12,Fi,35310.2,16334.6,143450.4,,,,,,,,,,,,,,,,,,,,,,,,,,,,,,,,,,,,,,,,
245,12,Gu,28153,29543.7,48152,,,,,,,,,,,,,,,,,,,,,,,,,,,,,,,,,,,,,,,,
246,12,Ma,27523.9,25710.5,54843.6,,,,,,,,,,,,,,,,,,,,,,,,,,,,,,,,,,,,,,,,
247,12,Hu,20013.7,37750.9,56619,,,,,,,,,,,,,,,,,,,,,,,,,,,,,,,,,,,,,,,,
248,12,Ka,33668.4,25721.3,73638.9,,,,,,,,,,,,,,,,,,,,,,,,,,,,,,,,,,,,,,,,
249,12,Er,22957.1,16837.3,92123.3,,,,,,,,,,,,,,,,,,,,,,,,,,,,,,,,,,,,,,,,
250,12,Di,23081.4,15408,111506.5,,,,,,,,,,,,,,,,,,,,,,,,,,,,,,,,,,,,,,,,
251,12,So,43049.6,5341.5,115148,,,,,,,,,,,,,,,,,,,,,,,,,,,,,,,,,,,,,,,,
252,12,Gi5,33908.4,14125.9,129730.6,,,,,,,,,,,,,,,,,,,,,,,,,,,,,,,,,,,,,,,,
253,12,Mg,18456,37903.1,140923.9,,,,,,,,,,,,,,,,,,,,,,,,,,,,,,,,,,,,,,,,
254,12,Sb,6173,7344.2,166599.4,,,,,,,,,,,,,,,,,,,,,,,,,,,,,,,,,,,,,,,,
255,12,Hf,355.2,247,122365.3,,,,,,,,,,,,,,,,,,,,,,,,,,,,,,,,,,,,,,,,
256,12,Wb,621.7,0,122720,,,,,,,,,,,,,,,,,,,,,,,,,,,,,,,,,,,,,,,,
